mean_fit_time,std_fit_time,mean_score_time,std_score_time,param_model__ccp_alpha,param_model__class_weight,param_model__max_depth,param_model__min_samples_leaf,params,split0_test_roc_auc,split1_test_roc_auc,split2_test_roc_auc,split3_test_roc_auc,split4_test_roc_auc,mean_test_roc_auc,std_test_roc_auc,rank_test_roc_auc,split0_train_roc_auc,split1_train_roc_auc,split2_train_roc_auc,split3_train_roc_auc,split4_train_roc_auc,mean_train_roc_auc,std_train_roc_auc,split0_test_accuracy,split1_test_accuracy,split2_test_accuracy,split3_test_accuracy,split4_test_accuracy,mean_test_accuracy,std_test_accuracy,rank_test_accuracy,split0_train_accuracy,split1_train_accuracy,split2_train_accuracy,split3_train_accuracy,split4_train_accuracy,mean_train_accuracy,std_train_accuracy,split0_test_precision,split1_test_precision,split2_test_precision,split3_test_precision,split4_test_precision,mean_test_precision,std_test_precision,rank_test_precision,split0_train_precision,split1_train_precision,split2_train_precision,split3_train_precision,split4_train_precision,mean_train_precision,std_train_precision,split0_test_recall,split1_test_recall,split2_test_recall,split3_test_recall,split4_test_recall,mean_test_recall,std_test_recall,rank_test_recall,split0_train_recall,split1_train_recall,split2_train_recall,split3_train_recall,split4_train_recall,mean_train_recall,std_train_recall,split0_test_f1,split1_test_f1,split2_test_f1,split3_test_f1,split4_test_f1,mean_test_f1,std_test_f1,rank_test_f1,split0_train_f1,split1_train_f1,split2_train_f1,split3_train_f1,split4_train_f1,mean_train_f1,std_train_f1
0.04603652954101563,0.008404005075894071,0.06705665588378906,0.011918088715754864,0.0,,3,5,"{'model__ccp_alpha': 0.0, 'model__class_weight': None, 'model__max_depth': 3, 'model__min_samples_leaf': 5}",0.9942225262197902,0.9971910624715001,0.9896488828089375,0.9961513907888737,0.9911901504787962,0.9936808025535795,0.0028698055695507876,7,0.9960282717738258,0.9957603739170087,0.9961850205198359,0.995907717738258,0.9961798905608755,0.9960122549019609,0.00016283627496314432,0.9663250366032211,0.95900439238653,0.9633967789165446,0.9692532942898975,0.9502196193265008,0.9616398243045389,0.006638819355053936,37,0.9612005856515373,0.9630307467057101,0.9619326500732065,0.9604685212298683,0.9652269399707174,0.9623718887262079,0.0016597048387634746,0.9902439024390244,1.0,0.9926108374384236,0.9902912621359223,0.9949367088607595,0.993616542174826,0.003631390973879985,1,0.9956467661691543,0.9932140653917335,0.9938118811881188,0.9956413449564134,0.9944547134935305,0.9945537542397901,0.000972880213432315,0.9552941176470588,0.9341176470588235,0.9482352941176471,0.96,0.9247058823529412,0.9444705882352942,0.013193266606001123,37,0.941764705882353,0.9470588235294117,0.9447058823529412,0.9405882352941176,0.9494117647058824,0.9447058823529412,0.003264573394238041,0.9724550898203593,0.9659367396593674,0.9699157641395909,0.974910394265233,0.9585365853658536,0.9683509146500808,0.005735313082295902,37,0.967956469165659,0.9695874736525143,0.9686369119420989,0.9673321234119783,0.9714113752633163,0.9689848706871134,0.001425574503508818
0.04122614860534668,0.0009861907672097075,0.06033515930175781,0.00554411883489058,0.0,,3,15,"{'model__ccp_alpha': 0.0, 'model__class_weight': None, 'model__max_depth': 3, 'model__min_samples_leaf': 15}",0.9914272685818514,0.9971910624715001,0.9849293205654355,0.9924259005927952,0.9911810305517555,0.9914309165526676,0.003911584869300105,25,0.9956973894208847,0.9950971842225262,0.9958837779297766,0.9955412106703146,0.9961365709074328,0.995671226630187,0.0003489517670263904,0.9663250366032211,0.95900439238653,0.9633967789165446,0.9692532942898975,0.9502196193265008,0.9616398243045389,0.006638819355053936,37,0.9612005856515373,0.9630307467057101,0.9619326500732065,0.9604685212298683,0.9652269399707174,0.9623718887262079,0.0016597048387634746,0.9902439024390244,1.0,0.9926108374384236,0.9902912621359223,0.9949367088607595,0.993616542174826,0.003631390973879985,1,0.9956467661691543,0.9932140653917335,0.9938118811881188,0.9956413449564134,0.9944547134935305,0.9945537542397901,0.000972880213432315,0.9552941176470588,0.9341176470588235,0.9482352941176471,0.96,0.9247058823529412,0.9444705882352942,0.013193266606001123,37,0.941764705882353,0.9470588235294117,0.9447058823529412,0.9405882352941176,0.9494117647058824,0.9447058823529412,0.003264573394238041,0.9724550898203593,0.9659367396593674,0.9699157641395909,0.974910394265233,0.9585365853658536,0.9683509146500808,0.005735313082295902,37,0.967956469165659,0.9695874736525143,0.9686369119420989,0.9673321234119783,0.9714113752633163,0.9689848706871134,0.001425574503508818
0.041917037963867185,0.000938213351323985,0.0622748851776123,0.006131550008394362,0.0,,3,30,"{'model__ccp_alpha': 0.0, 'model__class_weight': None, 'model__max_depth': 3, 'model__min_samples_leaf': 30}",0.9914272685818514,0.9971910624715001,0.9849293205654355,0.9960145918832649,0.9911171910624715,0.9921358869129048,0.004337594537772938,16,0.9956973894208847,0.99499971500228,0.995858128134975,0.99546939124487,0.9961183310533516,0.9956285909712724,0.00037897108635021363,0.9663250366032211,0.95900439238653,0.9633967789165446,0.9692532942898975,0.9502196193265008,0.9616398243045389,0.006638819355053936,37,0.9612005856515373,0.9630307467057101,0.9619326500732065,0.9604685212298683,0.9652269399707174,0.9623718887262079,0.0016597048387634746,0.9902439024390244,1.0,0.9926108374384236,0.9902912621359223,0.9949367088607595,0.993616542174826,0.003631390973879985,1,0.9956467661691543,0.9932140653917335,0.9938118811881188,0.9956413449564134,0.9944547134935305,0.9945537542397901,0.000972880213432315,0.9552941176470588,0.9341176470588235,0.9482352941176471,0.96,0.9247058823529412,0.9444705882352942,0.013193266606001123,37,0.941764705882353,0.9470588235294117,0.9447058823529412,0.9405882352941176,0.9494117647058824,0.9447058823529412,0.003264573394238041,0.9724550898203593,0.9659367396593674,0.9699157641395909,0.974910394265233,0.9585365853658536,0.9683509146500808,0.005735313082295902,37,0.967956469165659,0.9695874736525143,0.9686369119420989,0.9673321234119783,0.9714113752633163,0.9689848706871134,0.001425574503508818
0.04133338928222656,0.001073567208686092,0.058412599563598636,0.0026065997945633424,0.0,,5,5,"{'model__ccp_alpha': 0.0, 'model__class_weight': None, 'model__max_depth': 5, 'model__min_samples_leaf': 5}",0.9907113543091656,0.9980255357957136,0.9901276789785682,0.9972138622891017,0.9924578203374372,0.9937072503419973,0.0032952607219783546,6,0.9977200182398541,0.9979212266301869,0.9979568513451893,0.9978331623347013,0.9981193000455996,0.9979101117191063,0.00013275890060577135,0.9736456808199122,0.9692532942898975,0.9619326500732065,0.9604685212298683,0.9648609077598829,0.9660322108345534,0.0048471289479492955,35,0.9703513909224012,0.972913616398243,0.972913616398243,0.9699853587115667,0.9740117130307467,0.9720351390922402,0.0015803098934789731,0.9833729216152018,0.9975369458128078,0.9877750611246944,0.9402654867256637,0.9926289926289926,0.9803158815814722,0.02057764193614215,36,0.9945021380574222,0.9909420289855072,0.9927272727272727,0.9555180180180181,0.9921450151057402,0.9851668945787921,0.014868815106615474,0.9741176470588235,0.9529411764705882,0.9505882352941176,1.0,0.9505882352941176,0.9656470588235294,0.019322790746021484,25,0.9576470588235294,0.9652941176470589,0.9635294117647059,0.9982352941176471,0.9658823529411765,0.9701176470588235,0.014357761967650937,0.9787234042553191,0.9747292418772563,0.9688249400479616,0.9692132269099202,0.9711538461538461,0.9725289318488606,0.0037367677954967694,35,0.9757267006293078,0.9779499404052443,0.9779104477611941,0.976409666283084,0.9788375558867363,0.9773668621931133,0.0011317914452152148
0.04220514297485352,0.001448724331231459,0.056894874572753905,0.0019215850521994812,0.0,,5,15,"{'model__ccp_alpha': 0.0, 'model__class_weight': None, 'model__max_depth': 5, 'model__min_samples_leaf': 15}",0.9890424076607388,0.9960373917008662,0.9902371181030551,0.9920930232558139,0.9941541267669859,0.992312813497492,0.0025422545430132453,11,0.997670998632011,0.9977564979480165,0.9979648312813498,0.9978169174646603,0.9980195508435933,0.997845759233926,0.00012940043961805678,0.9736456808199122,0.9692532942898975,0.9619326500732065,0.9619326500732065,0.9648609077598829,0.966325036603221,0.004536437301560657,33,0.9703513909224012,0.972913616398243,0.972913616398243,0.969619326500732,0.9740117130307467,0.9719619326500732,0.0016789670484889923,0.9833729216152018,0.9975369458128078,0.9877750611246944,0.9423503325942351,0.9926289926289926,0.9807328507551863,0.0197670240734278,32,0.9945021380574222,0.9909420289855072,0.9927272727272727,0.9570378745053703,0.9921450151057402,0.9854708658762625,0.014262764175292993,0.9741176470588235,0.9529411764705882,0.9505882352941176,1.0,0.9505882352941176,0.9656470588235294,0.019322790746021484,25,0.9576470588235294,0.9652941176470589,0.9635294117647059,0.9958823529411764,0.9658823529411765,0.9696470588235293,0.013437539731976332,0.9787234042553191,0.9747292418772563,0.9688249400479616,0.9703196347031964,0.9711538461538461,0.9727502134075159,0.003562567466926921,33,0.9757267006293078,0.9779499404052443,0.9779104477611941,0.9760737964831363,0.9788375558867363,0.9772996882331239,0.0011948215425702574
0.04134011268615723,0.0009714388338244236,0.058157730102539065,0.0031462231607534714,0.0,,5,30,"{'model__ccp_alpha': 0.0, 'model__class_weight': None, 'model__max_depth': 5, 'model__min_samples_leaf': 30}",0.9920747834017328,0.9982535339717282,0.9913087095303237,0.9960556315549476,0.9951025991792065,0.9945590515275878,0.002565958206138677,1,0.9977188782489741,0.9976231190150479,0.9977778727770178,0.9975843593251255,0.9978958618331053,0.997720018239854,0.00011141114598686266,0.9736456808199122,0.9692532942898975,0.9677891654465594,0.9809663250366032,0.9648609077598829,0.9713030746705711,0.005602086813970412,21,0.9725475841874085,0.972913616398243,0.9736456808199122,0.9699853587115667,0.9740117130307467,0.9726207906295754,0.0014157452127242824,0.9833729216152018,0.9975369458128078,0.9878934624697336,0.9904761904761905,0.9926289926289926,0.9903817026005853,0.0047237928766262665,17,0.9933211900425015,0.9909420289855072,0.9909529553679132,0.9926918392204629,0.9921450151057402,0.9920106057444251,0.0009444846993237554,0.9741176470588235,0.9529411764705882,0.96,0.9788235294117648,0.9505882352941176,0.9632941176470589,0.011294117647058857,29,0.9623529411764706,0.9652941176470589,0.9664705882352941,0.9588235294117647,0.9658823529411765,0.9637647058823531,0.0028479337498612126,0.9787234042553191,0.9747292418772563,0.9737470167064439,0.9846153846153847,0.9711538461538461,0.9765937787216499,0.004691585744407302,21,0.9775918733193905,0.9779499404052443,0.9785586658725431,0.9754637941352483,0.9788375558867363,0.9776803659238326,0.001191989198455006
0.04392948150634766,0.0034788620403815927,0.05766768455505371,0.0016475066182820273,0.0,,8,5,"{'model__ccp_alpha': 0.0, 'model__class_weight': None, 'model__max_depth': 8, 'model__min_samples_leaf': 5}",0.9862471500227998,0.9911035111719106,0.9876196990424077,0.993000455996352,0.9919835841313268,0.9899908800729594,0.002604011475910506,39,0.9990458276333789,0.9990592225262198,0.9990532375740995,0.9988779639762881,0.9989950980392157,0.9990062699498404,6.806170411749976e-05,0.9765739385065886,0.9604685212298683,0.9692532942898975,0.972181551976574,0.9853587115666179,0.9727672035139092,0.008209572924671277,18,0.9820644216691069,0.9813323572474377,0.9816983894582724,0.9802342606149341,0.9802342606149341,0.981112737920937,0.0007537064524880697,0.9679633867276888,0.9738095238095238,0.9832535885167464,0.9572072072072072,0.9792147806004619,0.9722896973723255,0.009128768071512389,46,0.97524467472654,0.9796393251890634,0.990487514863258,0.9702857142857143,0.9702857142857143,0.9771885886700581,0.007509270248561161,0.9952941176470588,0.9623529411764706,0.9670588235294117,1.0,0.9976470588235294,0.9844705882352942,0.016274462556038188,5,0.9964705882352941,0.9905882352941177,0.98,0.9988235294117647,0.9988235294117647,0.9929411764705882,0.007136823947342627,0.9814385150812065,0.9680473372781065,0.9750889679715302,0.9781357882623706,0.9883449883449883,0.9782111193876404,0.0067255833058729115,16,0.9857433808553971,0.9850833577069319,0.9852158486102898,0.9843478260869565,0.9843478260869565,0.9849476478693064,0.0005372359116455509
0.0434074878692627,0.0030124520363004267,0.057135725021362306,0.0012232157582137805,0.0,,8,15,"{'model__ccp_alpha': 0.0, 'model__class_weight': None, 'model__max_depth': 8, 'model__min_samples_leaf': 15}",0.9896260829913359,0.9932968536251711,0.9851162790697675,0.9942362061103511,0.9932649338805289,0.9911080711354309,0.0033860276173501313,28,0.998780779753762,0.9987522799817601,0.9991128020975832,0.9986921454628362,0.9987494300045601,0.9988174874601004,0.00015043446385754996,0.9780380673499268,0.9677891654465594,0.9736456808199122,0.9707174231332357,0.9780380673499268,0.9736456808199122,0.004036324671183077,12,0.9816983894582724,0.9802342606149341,0.9835285505124451,0.9806002928257687,0.9816983894582724,0.9815519765739384,0.0011481981801872878,0.9680365296803652,0.9786223277909739,0.9699769053117783,0.9591836734693877,0.9834905660377359,0.9718620004580482,0.008483552896071236,47,0.9735935706084959,0.9784883720930233,0.9769452449567724,0.9751875360646278,0.9813302217036173,0.9771089890853073,0.0026757601991686183,0.9976470588235294,0.9694117647058823,0.9882352941176471,0.9952941176470588,0.9811764705882353,0.9863529411764705,0.01024543108568342,3,0.9976470588235294,0.99,0.9970588235294118,0.9941176470588236,0.9894117647058823,0.9936470588235295,0.0034380327520476556,0.9826187717265353,0.9739952718676123,0.9790209790209791,0.976905311778291,0.9823321554770318,0.9789744979740899,0.0032750871655532433,12,0.9854735618826264,0.9842105263157894,0.9868995633187773,0.9845616079230993,0.9853544229642648,0.9852999364809113,0.0009299316259340345
0.04246678352355957,0.0009786108400590553,0.059717655181884766,0.002781239619412122,0.0,,8,30,"{'model__ccp_alpha': 0.0, 'model__class_weight': None, 'model__max_depth': 8, 'model__min_samples_leaf': 30}",0.9922663018695851,0.9981805745554035,0.9915549475604195,0.9962517099863202,0.993857729138167,0.9944222526219791,0.0024762934692709594,2,0.9983082535339718,0.9982683538531691,0.9983484382124943,0.9981178750569996,0.9983045485636115,0.9982694938440492,7.994112383660168e-05,0.9780380673499268,0.972181551976574,0.9692532942898975,0.9751098096632503,0.9736456808199122,0.9736456808199122,0.002928257686676439,12,0.9784040995607614,0.9791361639824304,0.9802342606149341,0.9784040995607614,0.9780380673499268,0.9788433382137628,0.0007816309115689052,0.9789719626168224,0.9742990654205608,0.9809523809523809,0.9722222222222222,0.9856801909307876,0.9784251644285549,0.004792127005912189,40,0.9892665474060823,0.9734870317002882,0.9875592417061612,0.9835002946375958,0.9840613931523022,0.983574901720486,0.005482283418545079,0.9858823529411764,0.9811764705882353,0.9694117647058823,0.9882352941176471,0.971764705882353,0.9792941176470589,0.007499942329651411,11,0.9758823529411764,0.9935294117647059,0.9805882352941176,0.981764705882353,0.9805882352941176,0.9824705882352941,0.005887056942680859,0.9824150058616647,0.977725674091442,0.9751479289940829,0.9801633605600933,0.9786729857819905,0.9788249910578546,0.00242618334152476,13,0.9825288717796861,0.9834061135371179,0.9840613931523022,0.9826317338828378,0.9823217442545669,0.9829899713213022,0.0006493986981880052
0.042774295806884764,0.0009931916687042598,0.057490062713623044,0.0027465396304963813,0.0,,12,5,"{'model__ccp_alpha': 0.0, 'model__class_weight': None, 'model__max_depth': 12, 'model__min_samples_leaf': 5}",0.9867441860465115,0.9866347469220247,0.9837072503419972,0.9940082079343364,0.9921614227086183,0.9886511627906976,0.0038253005351491487,44,0.9996272229822162,0.9996183880528956,0.9996782375740995,0.9996323529411765,0.9995565435476517,0.9996225490196078,3.896976745655996e-05,0.9824304538799414,0.9707174231332357,0.9765739385065886,0.9751098096632503,0.986822840409956,0.9783308931185944,0.005662980850897129,2,0.989385065885798,0.9890190336749634,0.9904831625183016,0.9890190336749634,0.9886530014641288,0.989311859443631,0.0006297456271627187,0.976905311778291,0.9903147699757869,0.9811764705882353,0.9700460829493087,0.9882629107981221,0.9813411092179487,0.007425886448436876,27,0.9871720116618076,0.9911764705882353,0.9911971830985915,0.9854651162790697,0.983768115942029,0.9877557795139467,0.0030011254482854226,0.9952941176470588,0.9623529411764706,0.9811764705882353,0.9905882352941177,0.9905882352941177,0.984,0.011755290349926372,6,0.9958823529411764,0.9911764705882353,0.9935294117647059,0.9970588235294118,0.9982352941176471,0.9951764705882352,0.0025341952033574155,0.986013986013986,0.9761336515513126,0.9811764705882353,0.980209545983702,0.9894242068155111,0.9825915721905494,0.0046428248443105505,2,0.9915080527086384,0.9911764705882353,0.9923619271445359,0.9912280701754386,0.9909489051094891,0.9914446851452674,0.000491936433077241
0.04263467788696289,0.0017768541606433643,0.05687990188598633,0.0029424853439284204,0.0,,12,15,"{'model__ccp_alpha': 0.0, 'model__class_weight': None, 'model__max_depth': 12, 'model__min_samples_leaf': 15}",0.9878522571819425,0.9934245326037392,0.9890424076607388,0.9921887824897401,0.9911217510259918,0.9907259461924305,0.002033288500679973,30,0.9992296511627907,0.9988714090287277,0.9992048563611491,0.9990660624715002,0.9988924988600091,0.9990528955768353,0.0001504476375111642,0.9809663250366032,0.9707174231332357,0.9692532942898975,0.9707174231332357,0.9765739385065886,0.9736456808199122,0.004440922661230772,12,0.9864568081991215,0.9820644216691069,0.9846266471449487,0.9842606149341142,0.9820644216691069,0.9838945827232797,0.0016693637263530449,0.9813084112149533,0.9903147699757869,0.9764150943396226,0.9633867276887872,0.9857482185273159,0.9794346443492932,0.009256377976508674,39,0.992886781268524,0.989330171902786,0.9819767441860465,0.9830903790087464,0.9875959834613113,0.9869760119654828,0.004023790482239444,0.9882352941176471,0.9623529411764706,0.9741176470588235,0.9905882352941177,0.9764705882352941,0.9783529411764705,0.010245431085683404,13,0.9852941176470589,0.981764705882353,0.9935294117647059,0.991764705882353,0.9835294117647059,0.9871764705882354,0.0046377419633945914,0.984759671746776,0.9761336515513126,0.9752650176678446,0.9767981438515081,0.9810874704491725,0.9788087910533229,0.003587834002564476,15,0.9890758783584293,0.9855329199881901,0.987719298245614,0.9874084919472914,0.9855585027998821,0.9870590182678812,0.0013569339523662413
0.047300195693969725,0.010046036275303682,0.06562743186950684,0.011182191309798467,0.0,,12,30,"{'model__ccp_alpha': 0.0, 'model__class_weight': None, 'model__max_depth': 12, 'model__min_samples_leaf': 30}",0.9922663018695851,0.9981805745554035,0.9915549475604195,0.9962517099863202,0.993857729138167,0.9944222526219791,0.0024762934692709594,2,0.9983082535339718,0.9982683538531691,0.9983484382124943,0.9981178750569996,0.9983045485636115,0.9982694938440492,7.994112383660168e-05,0.9780380673499268,0.972181551976574,0.9692532942898975,0.9751098096632503,0.9736456808199122,0.9736456808199122,0.002928257686676439,12,0.9784040995607614,0.9791361639824304,0.9802342606149341,0.9784040995607614,0.9780380673499268,0.9788433382137628,0.0007816309115689052,0.9789719626168224,0.9742990654205608,0.9809523809523809,0.9722222222222222,0.9856801909307876,0.9784251644285549,0.004792127005912189,40,0.9892665474060823,0.9734870317002882,0.9875592417061612,0.9835002946375958,0.9840613931523022,0.983574901720486,0.005482283418545079,0.9858823529411764,0.9811764705882353,0.9694117647058823,0.9882352941176471,0.971764705882353,0.9792941176470589,0.007499942329651411,11,0.9758823529411764,0.9935294117647059,0.9805882352941176,0.981764705882353,0.9805882352941176,0.9824705882352941,0.005887056942680859,0.9824150058616647,0.977725674091442,0.9751479289940829,0.9801633605600933,0.9786729857819905,0.9788249910578546,0.00242618334152476,13,0.9825288717796861,0.9834061135371179,0.9840613931523022,0.9826317338828378,0.9823217442545669,0.9829899713213022,0.0006493986981880052
0.06424412727355958,0.0017389044812647003,0.08798179626464844,0.007495121062953685,0.0,balanced,3,5,"{'model__ccp_alpha': 0.0, 'model__class_weight': 'balanced', 'model__max_depth': 3, 'model__min_samples_leaf': 5}",0.9942225262197902,0.9971910624715001,0.9896488828089375,0.9961513907888737,0.9911901504787962,0.9936808025535795,0.0028698055695507876,7,0.9960282717738258,0.9957603739170087,0.9961850205198359,0.995907717738258,0.9961798905608755,0.9960122549019609,0.00016283627496314432,0.9663250366032211,0.95900439238653,0.9633967789165446,0.9692532942898975,0.9502196193265008,0.9616398243045389,0.006638819355053936,37,0.9612005856515373,0.9630307467057101,0.9619326500732065,0.9604685212298683,0.9652269399707174,0.9623718887262079,0.0016597048387634746,0.9902439024390244,1.0,0.9926108374384236,0.9902912621359223,0.9949367088607595,0.993616542174826,0.003631390973879985,1,0.9956467661691543,0.9932140653917335,0.9938118811881188,0.9956413449564134,0.9944547134935305,0.9945537542397901,0.000972880213432315,0.9552941176470588,0.9341176470588235,0.9482352941176471,0.96,0.9247058823529412,0.9444705882352942,0.013193266606001123,37,0.941764705882353,0.9470588235294117,0.9447058823529412,0.9405882352941176,0.9494117647058824,0.9447058823529412,0.003264573394238041,0.9724550898203593,0.9659367396593674,0.9699157641395909,0.974910394265233,0.9585365853658536,0.9683509146500808,0.005735313082295902,37,0.967956469165659,0.9695874736525143,0.9686369119420989,0.9673321234119783,0.9714113752633163,0.9689848706871134,0.001425574503508818
0.0708655834197998,0.006532683376658563,0.08850913047790528,0.004752733224906973,0.0,balanced,3,15,"{'model__ccp_alpha': 0.0, 'model__class_weight': 'balanced', 'model__max_depth': 3, 'model__min_samples_leaf': 15}",0.9914272685818514,0.9971910624715001,0.9849293205654355,0.9952758777929777,0.9911810305517555,0.9920009119927041,0.00421121694144944,19,0.9956973894208847,0.9950971842225262,0.9958837779297766,0.9958535681714547,0.9961365709074328,0.9957336981304149,0.0003480423895736998,0.9663250366032211,0.95900439238653,0.9633967789165446,0.9692532942898975,0.9502196193265008,0.9616398243045389,0.006638819355053936,37,0.9612005856515373,0.9630307467057101,0.9619326500732065,0.9604685212298683,0.9652269399707174,0.9623718887262079,0.0016597048387634746,0.9902439024390244,1.0,0.9926108374384236,0.9902912621359223,0.9949367088607595,0.993616542174826,0.003631390973879985,1,0.9956467661691543,0.9932140653917335,0.9938118811881188,0.9956413449564134,0.9944547134935305,0.9945537542397901,0.000972880213432315,0.9552941176470588,0.9341176470588235,0.9482352941176471,0.96,0.9247058823529412,0.9444705882352942,0.013193266606001123,37,0.941764705882353,0.9470588235294117,0.9447058823529412,0.9405882352941176,0.9494117647058824,0.9447058823529412,0.003264573394238041,0.9724550898203593,0.9659367396593674,0.9699157641395909,0.974910394265233,0.9585365853658536,0.9683509146500808,0.005735313082295902,37,0.967956469165659,0.9695874736525143,0.9686369119420989,0.9673321234119783,0.9714113752633163,0.9689848706871134,0.001425574503508818
0.06861624717712403,0.003868545374322176,0.09246840476989746,0.006025118828044363,0.0,balanced,3,30,"{'model__ccp_alpha': 0.0, 'model__class_weight': 'balanced', 'model__max_depth': 3, 'model__min_samples_leaf': 30}",0.9914272685818514,0.9971910624715001,0.9849293205654355,0.9959188326493388,0.9911536707706339,0.992124031007752,0.004318941133433255,17,0.9956973894208847,0.99499971500228,0.995858128134975,0.9958951778385773,0.9961183310533516,0.9957137482900137,0.0003814605043000099,0.9663250366032211,0.95900439238653,0.9633967789165446,0.9692532942898975,0.9502196193265008,0.9616398243045389,0.006638819355053936,37,0.9612005856515373,0.9630307467057101,0.9619326500732065,0.9604685212298683,0.9652269399707174,0.9623718887262079,0.0016597048387634746,0.9902439024390244,1.0,0.9926108374384236,0.9902912621359223,0.9949367088607595,0.993616542174826,0.003631390973879985,1,0.9956467661691543,0.9932140653917335,0.9938118811881188,0.9956413449564134,0.9944547134935305,0.9945537542397901,0.000972880213432315,0.9552941176470588,0.9341176470588235,0.9482352941176471,0.96,0.9247058823529412,0.9444705882352942,0.013193266606001123,37,0.941764705882353,0.9470588235294117,0.9447058823529412,0.9405882352941176,0.9494117647058824,0.9447058823529412,0.003264573394238041,0.9724550898203593,0.9659367396593674,0.9699157641395909,0.974910394265233,0.9585365853658536,0.9683509146500808,0.005735313082295902,37,0.967956469165659,0.9695874736525143,0.9686369119420989,0.9673321234119783,0.9714113752633163,0.9689848706871134,0.001425574503508818
0.0510505199432373,0.007959621300164192,0.06696128845214844,0.012695380249954516,0.0,balanced,5,5,"{'model__ccp_alpha': 0.0, 'model__class_weight': 'balanced', 'model__max_depth': 5, 'model__min_samples_leaf': 5}",0.9911399908800731,0.9981942544459644,0.9901276789785682,0.9973233014135887,0.9923620611035112,0.9938294573643413,0.0032969090001965205,4,0.9979571363429094,0.9979212266301869,0.9979568513451893,0.9978331623347013,0.9980756953944367,0.9979488144094848,7.793474093384981e-05,0.9736456808199122,0.9619326500732065,0.9619326500732065,0.9765739385065886,0.9619326500732065,0.9672035139092241,0.006521539517224021,32,0.9725475841874085,0.9718155197657394,0.972913616398243,0.968887262079063,0.9725475841874085,0.9717423133235725,0.0014714312768844668,0.9833729216152018,0.9975062344139651,0.9877750611246944,0.9904076738609112,0.9950372208436724,0.9908198223716891,0.005047599908742547,16,0.9933211900425015,0.9939135727328059,0.9927272727272727,0.9950950337216432,0.993920972644377,0.99379560837372,0.0007854364177530071,0.9741176470588235,0.9411764705882353,0.9505882352941176,0.971764705882353,0.9435294117647058,0.9562352941176471,0.014007412768129165,36,0.9623529411764706,0.9605882352941176,0.9635294117647059,0.9547058823529412,0.961764705882353,0.9605882352941176,0.003090335420367929,0.9787234042553191,0.9685230024213075,0.9688249400479616,0.9809976247030879,0.9685990338164251,0.9731336010488203,0.005540275213953205,32,0.9775918733193905,0.9769667962907568,0.9779104477611941,0.9744821374962473,0.9775784753363229,0.9769059460407823,0.0012498292847178735
0.04409613609313965,0.00316469000222089,0.057196760177612306,0.00217127169631926,0.0,balanced,5,15,"{'model__ccp_alpha': 0.0, 'model__class_weight': 'balanced', 'model__max_depth': 5, 'model__min_samples_leaf': 15}",0.9892886456908346,0.9960373917008662,0.9903009575923393,0.9921158230734154,0.9922936616507068,0.9920072959416324,0.002308163990477822,18,0.9979086867305061,0.9977564979480165,0.9979648312813498,0.9978169174646603,0.9979822161422709,0.9978858299133606,8.663675686842559e-05,0.9736456808199122,0.9692532942898975,0.9619326500732065,0.9765739385065886,0.9619326500732065,0.9686676427525622,0.005972497234076452,29,0.9725475841874085,0.972913616398243,0.972913616398243,0.968887262079063,0.9725475841874085,0.9719619326500732,0.0015460257746663895,0.9833729216152018,0.9975369458128078,0.9877750611246944,0.9904076738609112,0.9950372208436724,0.9908259646514577,0.005055744789441371,13,0.9933211900425015,0.9909420289855072,0.9927272727272727,0.9950950337216432,0.993920972644377,0.9932012996242603,0.0013745935485124366,0.9741176470588235,0.9529411764705882,0.9505882352941176,0.971764705882353,0.9435294117647058,0.9585882352941176,0.012144459200530793,33,0.9623529411764706,0.9652941176470589,0.9635294117647059,0.9547058823529412,0.961764705882353,0.9615294117647059,0.003618483882171698,0.9787234042553191,0.9747292418772563,0.9688249400479616,0.9809976247030879,0.9685990338164251,0.9743748489400101,0.005040996241699764,29,0.9775918733193905,0.9779499404052443,0.9779104477611941,0.9744821374962473,0.9775784753363229,0.9771025748636799,0.0013193387142677274
0.04370574951171875,0.0015922321261211368,0.05592589378356934,0.0009239943749372501,0.0,balanced,5,30,"{'model__ccp_alpha': 0.0, 'model__class_weight': 'balanced', 'model__max_depth': 5, 'model__min_samples_leaf': 30}",0.9919243046055631,0.9982535339717282,0.9912311901504788,0.992311901504788,0.9951025991792065,0.9937647058823529,0.002602151243585414,5,0.9977188782489741,0.9976231190150479,0.9977716028271775,0.9976966484268126,0.9978958618331053,0.9977412220702234,9.085244557413404e-05,0.9736456808199122,0.9692532942898975,0.9663250366032211,0.9809663250366032,0.9648609077598829,0.9710102489019035,0.005812425546494636,23,0.9725475841874085,0.972913616398243,0.9732796486090776,0.9699853587115667,0.9740117130307467,0.9725475841874085,0.001369567125466291,0.9833729216152018,0.9975369458128078,0.9878640776699029,0.9904761904761905,0.9926289926289926,0.9903758256406192,0.004726902143176774,19,0.9933211900425015,0.9909420289855072,0.9915407854984895,0.9926918392204629,0.9921450151057402,0.9921281717705404,0.0008358534115927373,0.9741176470588235,0.9529411764705882,0.9576470588235294,0.9788235294117648,0.9505882352941176,0.9628235294117647,0.011469230688897858,31,0.9623529411764706,0.9652941176470589,0.9652941176470589,0.9588235294117647,0.9658823529411765,0.963529411764706,0.0026568446566202883,0.9787234042553191,0.9747292418772563,0.972520908004779,0.9846153846153847,0.9711538461538461,0.9763485569813171,0.004862888799491406,23,0.9775918733193905,0.9779499404052443,0.9782414307004471,0.9754637941352483,0.9788375558867363,0.9776169188894134,0.0011512989619500715
0.043371152877807614,0.0018236622646404343,0.059468984603881836,0.005919089364706904,0.0,balanced,8,5,"{'model__ccp_alpha': 0.0, 'model__class_weight': 'balanced', 'model__max_depth': 8, 'model__min_samples_leaf': 5}",0.9845280437756498,0.9897537619699044,0.9856041951664386,0.9931463748290014,0.9896853625170998,0.9885435476516188,0.0031214881809202865,45,0.9995582535339718,0.999076892384861,0.9993171454628363,0.9989232786137711,0.9990444026447789,0.999183994528044,0.0002265959072256974,0.9736456808199122,0.9648609077598829,0.972181551976574,0.9751098096632503,0.9604685212298683,0.9692532942898975,0.005632616123476233,28,0.9838945827232797,0.9765739385065886,0.9849926793557833,0.9809663250366032,0.9776720351390923,0.9808199121522694,0.003311327343454933,0.9833729216152018,0.9950617283950617,0.9699074074074074,0.9678899082568807,0.9877450980392157,0.9807954127427536,0.010426601998888362,31,0.9975961538461539,0.9951573849878934,0.9842381786339754,0.9807467911318553,0.9951661631419939,0.9905809343483742,0.006754590305908516,0.9741176470588235,0.9482352941176471,0.9858823529411764,0.9929411764705882,0.9482352941176471,0.9698823529411765,0.018669961811649278,22,0.9764705882352941,0.9670588235294117,0.991764705882353,0.9888235294117647,0.9688235294117648,0.9785882352941175,0.010110804799936656,0.9787234042553191,0.9710843373493976,0.9778296382730455,0.9802555168408827,0.9675870348139256,0.9750959863065141,0.004893453775355338,28,0.9869203329369798,0.9809069212410502,0.987987108116027,0.9847685998828354,0.9818181818181818,0.9844802287990149,0.0027637108988515647
0.0439335823059082,0.0015346899775977856,0.06253285408020019,0.005575147091408879,0.0,balanced,8,15,"{'model__ccp_alpha': 0.0, 'model__class_weight': 'balanced', 'model__max_depth': 8, 'model__min_samples_leaf': 15}",0.9840446876424989,0.9930186958504332,0.9838987688098495,0.9922207022343822,0.9929730962152303,0.9892311901504789,0.004303923060271802,43,0.9990161878704971,0.9988215344277246,0.9991122321021433,0.9986921454628362,0.9986679206566348,0.9988620041039672,0.00017580945487829388,0.9824304538799414,0.972181551976574,0.972181551976574,0.9751098096632503,0.9619326500732065,0.9727672035139092,0.006586952784305685,18,0.9831625183016105,0.9809663250366032,0.9849926793557833,0.9740117130307467,0.9765739385065886,0.9799414348462665,0.004085155615901498,0.976905311778291,0.9833333333333333,0.9699074074074074,0.9880382775119617,0.9877750611246944,0.9811918782311375,0.006935578473400682,28,0.984759671746776,0.9887307236061684,0.9808695652173913,0.994535519125683,0.9921780986762936,0.9882147156744626,0.004935904963692163,0.9952941176470588,0.971764705882353,0.9858823529411764,0.971764705882353,0.9505882352941176,0.9750588235294118,0.015146801825346886,19,0.9882352941176471,0.9805882352941176,0.9952941176470588,0.9635294117647059,0.97,0.9795294117647059,0.011595250190902287,0.986013986013986,0.9775147928994082,0.9778296382730455,0.9798339264531435,0.9688249400479616,0.978003456737509,0.0055142247414247956,19,0.9864944216089254,0.9846426461901949,0.988029197080292,0.978786973409023,0.9809637120761452,0.9837833900729163,0.003435975951397315
0.04300069808959961,0.0015337211946841911,0.0829394817352295,0.049827289466761605,0.0,balanced,8,30,"{'model__ccp_alpha': 0.0, 'model__class_weight': 'balanced', 'model__max_depth': 8, 'model__min_samples_leaf': 30}",0.9924304605563156,0.9981805745554035,0.9914956680346557,0.9923711810305518,0.9937163702690378,0.9936388508891929,0.0023788102038435153,9,0.9983082535339718,0.9982683538531691,0.9983025535795714,0.9982130642954856,0.9983034085727314,0.9982791267669858,3.596413770982691e-05,0.9780380673499268,0.9707174231332357,0.9677891654465594,0.9780380673499268,0.9692532942898975,0.9727672035139093,0.0044021365676055425,16,0.9784040995607614,0.9787701317715959,0.9798682284040996,0.976207906295754,0.9776720351390923,0.9781844802342606,0.0012161967588459823,0.9789719626168224,0.9832935560859188,0.9809069212410502,0.9789719626168224,0.9809523809523809,0.9806193567025989,0.0015982963057061162,34,0.9892665474060823,0.9846517119244392,0.9881305637982196,0.9880597014925373,0.9857735625370481,0.9871764174316653,0.0016971369470095833,0.9858823529411764,0.9694117647058823,0.9670588235294117,0.9858823529411764,0.9694117647058823,0.9755294117647058,0.008496691804831898,17,0.9758823529411764,0.9811764705882353,0.9794117647058823,0.9735294117647059,0.9782352941176471,0.9776470588235295,0.0026827657061156327,0.9824150058616647,0.976303317535545,0.9739336492890995,0.9824150058616647,0.9751479289940829,0.9780429815084114,0.003647562610258103,17,0.9825288717796861,0.9829110194460813,0.983751846381093,0.9807407407407407,0.9819899616179509,0.9823844879931103,0.0010025275158667168
0.044911766052246095,0.0032814082663333278,0.058082866668701175,0.002486980700085562,0.0,balanced,12,5,"{'model__ccp_alpha': 0.0, 'model__class_weight': 'balanced', 'model__max_depth': 12, 'model__min_samples_leaf': 5}",0.9824806201550388,0.9867852257181944,0.9862425900592795,0.984391244870041,0.9878796169630643,0.9855558595531237,0.0019076799087763452,47,0.9998332763337894,0.9995782033743731,0.9997192772457821,0.9995026789785681,0.9997318171454629,0.9996730506155951,0.0001177159131236661,0.9795021961932651,0.972181551976574,0.9809663250366032,0.9795021961932651,0.9765739385065886,0.9777452415812593,0.003126523646275637,3,0.9930453879941434,0.9879209370424598,0.9901171303074671,0.9853587115666179,0.9908491947291361,0.9894582723279648,0.0026232024695708157,0.9812646370023419,0.9833333333333333,0.9813084112149533,0.9812646370023419,0.9857482185273159,0.9825838474160573,0.0017710078150228357,24,0.9958702064896755,0.9911608721272834,0.9929286977018268,0.9922894424673784,0.9935179728933412,0.9931534383359011,0.0015672288890959272,0.9858823529411764,0.971764705882353,0.9882352941176471,0.9858823529411764,0.9764705882352941,0.9816470588235294,0.006383369395882597,10,0.9929411764705882,0.9894117647058823,0.9911764705882353,0.9841176470588235,0.991764705882353,0.9898823529411767,0.0030992799699575283,0.9835680751173709,0.9775147928994082,0.984759671746776,0.9835680751173709,0.9810874704491725,0.9820996170660198,0.002585872480015575,3,0.9944035346097202,0.9902855460700618,0.9920518104209597,0.9881866509155346,0.9926405652045923,0.9915136214441738,0.0021207616434296725
0.04456295967102051,0.0013216707006887922,0.05903301239013672,0.0037018493954248132,0.0,balanced,12,15,"{'model__ccp_alpha': 0.0, 'model__class_weight': 'balanced', 'model__max_depth': 12, 'model__min_samples_leaf': 15}",0.9841632466940264,0.9930186958504332,0.9838577291381668,0.9922207022343822,0.99296853625171,0.9892457820337437,0.004285025258285622,42,0.9990968422252622,0.9988215344277246,0.9992128362973097,0.9990660624715002,0.9989654582763339,0.999032546739626,0.00013174869718287697,0.9809663250366032,0.972181551976574,0.9677891654465594,0.9765739385065886,0.9736456808199122,0.9742313323572475,0.004402136567605508,10,0.9831625183016105,0.9809663250366032,0.986090775988287,0.9824304538799414,0.9853587115666179,0.983601756954612,0.001886398056621565,0.9813084112149533,0.9833333333333333,0.9763593380614657,0.983451536643026,0.9833729216152018,0.9815651081735959,0.0027246782494225012,26,0.9922619047619048,0.9887307236061684,0.9859649122807017,0.9922526817640047,0.9876615746180963,0.9893743594061751,0.0025137575957797104,0.9882352941176471,0.971764705882353,0.971764705882353,0.9788235294117648,0.9741176470588235,0.9769411764705882,0.006207485156834322,16,0.9805882352941176,0.9805882352941176,0.991764705882353,0.9794117647058823,0.9888235294117647,0.9842352941176472,0.005051978953784457,0.984759671746776,0.9775147928994082,0.9740566037735849,0.9811320754716981,0.9787234042553191,0.9792373096293574,0.003582108226607811,11,0.9863905325443787,0.9846426461901949,0.9888563049853373,0.9857904085257548,0.9882422104644327,0.9867844205420196,0.0015587342057996525
0.04438900947570801,0.002035455391202823,0.06084609031677246,0.006020174484463994,0.0,balanced,12,30,"{'model__ccp_alpha': 0.0, 'model__class_weight': 'balanced', 'model__max_depth': 12, 'model__min_samples_leaf': 30}",0.9924304605563156,0.9981805745554035,0.9914956680346557,0.9923711810305518,0.9937163702690378,0.9936388508891929,0.0023788102038435153,9,0.9983082535339718,0.9982683538531691,0.9983025535795714,0.9982130642954856,0.9983034085727314,0.9982791267669858,3.596413770982691e-05,0.9780380673499268,0.9707174231332357,0.9677891654465594,0.9780380673499268,0.9692532942898975,0.9727672035139093,0.0044021365676055425,16,0.9784040995607614,0.9787701317715959,0.9798682284040996,0.976207906295754,0.9776720351390923,0.9781844802342606,0.0012161967588459823,0.9789719626168224,0.9832935560859188,0.9809069212410502,0.9789719626168224,0.9809523809523809,0.9806193567025989,0.0015982963057061162,34,0.9892665474060823,0.9846517119244392,0.9881305637982196,0.9880597014925373,0.9857735625370481,0.9871764174316653,0.0016971369470095833,0.9858823529411764,0.9694117647058823,0.9670588235294117,0.9858823529411764,0.9694117647058823,0.9755294117647058,0.008496691804831898,17,0.9758823529411764,0.9811764705882353,0.9794117647058823,0.9735294117647059,0.9782352941176471,0.9776470588235295,0.0026827657061156327,0.9824150058616647,0.976303317535545,0.9739336492890995,0.9824150058616647,0.9751479289940829,0.9780429815084114,0.003647562610258103,17,0.9825288717796861,0.9829110194460813,0.983751846381093,0.9807407407407407,0.9819899616179509,0.9823844879931103,0.0010025275158667168
0.04017829895019531,0.00031403077583276183,0.05670738220214844,0.0014636299045000815,0.001,,3,5,"{'model__ccp_alpha': 0.001, 'model__class_weight': None, 'model__max_depth': 3, 'model__min_samples_leaf': 5}",0.9896762425900593,0.9971910624715001,0.9849293205654355,0.989703602371181,0.9912083903328773,0.9905417236662106,0.003939764570527587,33,0.9935265617875058,0.9917077063383493,0.9922389420884633,0.9935214318285454,0.9931278499772002,0.9928244984040127,0.0007294836648255307,0.9663250366032211,0.95900439238653,0.9633967789165446,0.9692532942898975,0.9502196193265008,0.9616398243045389,0.006638819355053936,37,0.9612005856515373,0.9630307467057101,0.9619326500732065,0.9604685212298683,0.9652269399707174,0.9623718887262079,0.0016597048387634746,0.9902439024390244,1.0,0.9926108374384236,0.9902912621359223,0.9949367088607595,0.993616542174826,0.003631390973879985,1,0.9956467661691543,0.9932140653917335,0.9938118811881188,0.9956413449564134,0.9944547134935305,0.9945537542397901,0.000972880213432315,0.9552941176470588,0.9341176470588235,0.9482352941176471,0.96,0.9247058823529412,0.9444705882352942,0.013193266606001123,37,0.941764705882353,0.9470588235294117,0.9447058823529412,0.9405882352941176,0.9494117647058824,0.9447058823529412,0.003264573394238041,0.9724550898203593,0.9659367396593674,0.9699157641395909,0.974910394265233,0.9585365853658536,0.9683509146500808,0.005735313082295902,37,0.967956469165659,0.9695874736525143,0.9686369119420989,0.9673321234119783,0.9714113752633163,0.9689848706871134,0.001425574503508818
0.04157447814941406,0.0009137943376230567,0.05939955711364746,0.0023532080113480938,0.001,,3,15,"{'model__ccp_alpha': 0.001, 'model__class_weight': None, 'model__max_depth': 3, 'model__min_samples_leaf': 15}",0.9896762425900593,0.9971910624715001,0.9849293205654355,0.989703602371181,0.9912083903328773,0.9905417236662106,0.003939764570527587,33,0.9935265617875058,0.9917077063383493,0.9922389420884633,0.9935214318285454,0.9931278499772002,0.9928244984040127,0.0007294836648255307,0.9663250366032211,0.95900439238653,0.9633967789165446,0.9692532942898975,0.9502196193265008,0.9616398243045389,0.006638819355053936,37,0.9612005856515373,0.9630307467057101,0.9619326500732065,0.9604685212298683,0.9652269399707174,0.9623718887262079,0.0016597048387634746,0.9902439024390244,1.0,0.9926108374384236,0.9902912621359223,0.9949367088607595,0.993616542174826,0.003631390973879985,1,0.9956467661691543,0.9932140653917335,0.9938118811881188,0.9956413449564134,0.9944547134935305,0.9945537542397901,0.000972880213432315,0.9552941176470588,0.9341176470588235,0.9482352941176471,0.96,0.9247058823529412,0.9444705882352942,0.013193266606001123,37,0.941764705882353,0.9470588235294117,0.9447058823529412,0.9405882352941176,0.9494117647058824,0.9447058823529412,0.003264573394238041,0.9724550898203593,0.9659367396593674,0.9699157641395909,0.974910394265233,0.9585365853658536,0.9683509146500808,0.005735313082295902,37,0.967956469165659,0.9695874736525143,0.9686369119420989,0.9673321234119783,0.9714113752633163,0.9689848706871134,0.001425574503508818
0.04836030006408691,0.010158204403938779,0.06862368583679199,0.014335735915543393,0.001,,3,30,"{'model__ccp_alpha': 0.001, 'model__class_weight': None, 'model__max_depth': 3, 'model__min_samples_leaf': 30}",0.9896762425900593,0.9971910624715001,0.9849293205654355,0.989703602371181,0.9912083903328773,0.9905417236662106,0.003939764570527587,33,0.9935265617875058,0.9917077063383493,0.9922389420884633,0.9935214318285454,0.9931278499772002,0.9928244984040127,0.0007294836648255307,0.9663250366032211,0.95900439238653,0.9633967789165446,0.9692532942898975,0.9502196193265008,0.9616398243045389,0.006638819355053936,37,0.9612005856515373,0.9630307467057101,0.9619326500732065,0.9604685212298683,0.9652269399707174,0.9623718887262079,0.0016597048387634746,0.9902439024390244,1.0,0.9926108374384236,0.9902912621359223,0.9949367088607595,0.993616542174826,0.003631390973879985,1,0.9956467661691543,0.9932140653917335,0.9938118811881188,0.9956413449564134,0.9944547134935305,0.9945537542397901,0.000972880213432315,0.9552941176470588,0.9341176470588235,0.9482352941176471,0.96,0.9247058823529412,0.9444705882352942,0.013193266606001123,37,0.941764705882353,0.9470588235294117,0.9447058823529412,0.9405882352941176,0.9494117647058824,0.9447058823529412,0.003264573394238041,0.9724550898203593,0.9659367396593674,0.9699157641395909,0.974910394265233,0.9585365853658536,0.9683509146500808,0.005735313082295902,37,0.967956469165659,0.9695874736525143,0.9686369119420989,0.9673321234119783,0.9714113752633163,0.9689848706871134,0.001425574503508818
0.06022038459777832,0.0030805530012777017,0.08148055076599121,0.004225001989525224,0.001,,5,5,"{'model__ccp_alpha': 0.001, 'model__class_weight': None, 'model__max_depth': 5, 'model__min_samples_leaf': 5}",0.9892977656178752,0.9983082535339717,0.9854628362973096,0.990405836753306,0.993451892384861,0.9913853169174647,0.004303273499909774,27,0.994937300501596,0.9932070793433653,0.9935200068399453,0.9951151390788874,0.994375,0.9942309051527587,0.0007556749366120855,0.9736456808199122,0.9692532942898975,0.9619326500732065,0.9604685212298683,0.9648609077598829,0.9660322108345534,0.0048471289479492955,35,0.9703513909224012,0.972913616398243,0.972913616398243,0.9699853587115667,0.9740117130307467,0.9720351390922402,0.0015803098934789731,0.9833729216152018,0.9975369458128078,0.9877750611246944,0.9402654867256637,0.9926289926289926,0.9803158815814722,0.02057764193614215,36,0.9945021380574222,0.9909420289855072,0.9927272727272727,0.9555180180180181,0.9921450151057402,0.9851668945787921,0.014868815106615474,0.9741176470588235,0.9529411764705882,0.9505882352941176,1.0,0.9505882352941176,0.9656470588235294,0.019322790746021484,25,0.9576470588235294,0.9652941176470589,0.9635294117647059,0.9982352941176471,0.9658823529411765,0.9701176470588235,0.014357761967650937,0.9787234042553191,0.9747292418772563,0.9688249400479616,0.9692132269099202,0.9711538461538461,0.9725289318488606,0.0037367677954967694,35,0.9757267006293078,0.9779499404052443,0.9779104477611941,0.976409666283084,0.9788375558867363,0.9773668621931133,0.0011317914452152148
0.06549530029296875,0.0017178514866326051,0.08830819129943848,0.002865281760317273,0.001,,5,15,"{'model__ccp_alpha': 0.001, 'model__class_weight': None, 'model__max_depth': 5, 'model__min_samples_leaf': 15}",0.9892977656178752,0.9983082535339717,0.9854628362973096,0.990515275877793,0.993451892384861,0.991407204742362,0.004298511572846292,26,0.994937300501596,0.9932070793433653,0.9935200068399453,0.9950344847241223,0.994375,0.9942147742818058,0.000737264201697845,0.9736456808199122,0.9692532942898975,0.9619326500732065,0.9619326500732065,0.9648609077598829,0.966325036603221,0.004536437301560657,33,0.9703513909224012,0.972913616398243,0.972913616398243,0.969619326500732,0.9740117130307467,0.9719619326500732,0.0016789670484889923,0.9833729216152018,0.9975369458128078,0.9877750611246944,0.9423503325942351,0.9926289926289926,0.9807328507551863,0.0197670240734278,32,0.9945021380574222,0.9909420289855072,0.9927272727272727,0.9570378745053703,0.9921450151057402,0.9854708658762625,0.014262764175292993,0.9741176470588235,0.9529411764705882,0.9505882352941176,1.0,0.9505882352941176,0.9656470588235294,0.019322790746021484,25,0.9576470588235294,0.9652941176470589,0.9635294117647059,0.9958823529411764,0.9658823529411765,0.9696470588235293,0.013437539731976332,0.9787234042553191,0.9747292418772563,0.9688249400479616,0.9703196347031964,0.9711538461538461,0.9727502134075159,0.003562567466926921,33,0.9757267006293078,0.9779499404052443,0.9779104477611941,0.9760737964831363,0.9788375558867363,0.9772996882331239,0.0011948215425702574
0.06572418212890625,0.0065592328410693235,0.09286813735961914,0.004405845776940057,0.001,,5,30,"{'model__ccp_alpha': 0.001, 'model__class_weight': None, 'model__max_depth': 5, 'model__min_samples_leaf': 30}",0.9905973552211582,0.9983082535339717,0.9866119471044231,0.9908162334701323,0.993451892384861,0.9919571363429093,0.0038546776067258618,20,0.9951271089831282,0.9932070793433653,0.9935596215230278,0.9950649794801641,0.994375,0.9942667578659371,0.0007761492805537877,0.9736456808199122,0.9692532942898975,0.9677891654465594,0.9809663250366032,0.9648609077598829,0.9713030746705711,0.005602086813970412,21,0.9725475841874085,0.972913616398243,0.9736456808199122,0.9699853587115667,0.9740117130307467,0.9726207906295754,0.0014157452127242824,0.9833729216152018,0.9975369458128078,0.9878934624697336,0.9904761904761905,0.9926289926289926,0.9903817026005853,0.0047237928766262665,17,0.9933211900425015,0.9909420289855072,0.9909529553679132,0.9926918392204629,0.9921450151057402,0.9920106057444251,0.0009444846993237554,0.9741176470588235,0.9529411764705882,0.96,0.9788235294117648,0.9505882352941176,0.9632941176470589,0.011294117647058857,29,0.9623529411764706,0.9652941176470589,0.9664705882352941,0.9588235294117647,0.9658823529411765,0.9637647058823531,0.0028479337498612126,0.9787234042553191,0.9747292418772563,0.9737470167064439,0.9846153846153847,0.9711538461538461,0.9765937787216499,0.004691585744407302,21,0.9775918733193905,0.9779499404052443,0.9785586658725431,0.9754637941352483,0.9788375558867363,0.9776803659238326,0.001191989198455006
0.04753751754760742,0.009119203308511424,0.057349205017089844,0.0009912611108439018,0.001,,8,5,"{'model__ccp_alpha': 0.001, 'model__class_weight': None, 'model__max_depth': 8, 'model__min_samples_leaf': 5}",0.9897993616051073,0.9982444140446876,0.9859689922480621,0.991171910624715,0.993720930232558,0.9917811217510261,0.00408940986084605,22,0.9960182968536253,0.9937197902416781,0.9943621751025992,0.9959014477884177,0.9951134290925672,0.9950230278157776,0.0008837996356569239,0.9780380673499268,0.972181551976574,0.9692532942898975,0.972181551976574,0.9853587115666179,0.975402635431918,0.005738189734191947,5,0.9816983894582724,0.9791361639824304,0.9813323572474377,0.9798682284040996,0.9802342606149341,0.9804538799414348,0.0009431990283107772,0.9680365296803652,0.9742990654205608,0.9832535885167464,0.9572072072072072,0.9792147806004619,0.9724022342850684,0.009140118915088263,45,0.9735935706084959,0.9734870317002882,0.9881586737714624,0.9713467048710601,0.9702857142857143,0.9753743390474042,0.006515953017264444,0.9976470588235294,0.9811764705882353,0.9670588235294117,1.0,0.9976470588235294,0.9887058823529413,0.012749380879194427,1,0.9976470588235294,0.9935294117647059,0.981764705882353,0.9970588235294118,0.9988235294117647,0.9937647058823529,0.0062541335811774,0.9826187717265353,0.977725674091442,0.9750889679715302,0.9781357882623706,0.9883449883449883,0.9803828380793732,0.004658970920370935,5,0.9854735618826264,0.9834061135371179,0.9849513130717026,0.9840348330914369,0.9843478260869565,0.9844427295339682,0.0007171096768144716
0.04222407341003418,0.0011501002426149555,0.05734400749206543,0.0007637843788023641,0.001,,8,15,"{'model__ccp_alpha': 0.001, 'model__class_weight': None, 'model__max_depth': 8, 'model__min_samples_leaf': 15}",0.9897993616051073,0.9982444140446876,0.9822343821249431,0.9906748746010032,0.9944550843593252,0.9910816233470132,0.005343577953748076,29,0.9960182968536253,0.9937197902416781,0.9946186730506156,0.9958396032831738,0.9949954400364798,0.9950383606931146,0.0008389126894063507,0.9780380673499268,0.972181551976574,0.9736456808199122,0.9707174231332357,0.9780380673499268,0.9745241581259151,0.003014825809952275,7,0.9816983894582724,0.9791361639824304,0.9835285505124451,0.9806002928257687,0.9816983894582724,0.9813323572474377,0.0014457113951780315,0.9680365296803652,0.9742990654205608,0.9699769053117783,0.9591836734693877,0.9834905660377359,0.9709973479839655,0.007954275443819016,48,0.9735935706084959,0.9734870317002882,0.9769452449567724,0.9751875360646278,0.9813302217036173,0.9761087210067604,0.00289867762572498,0.9976470588235294,0.9811764705882353,0.9882352941176471,0.9952941176470588,0.9811764705882353,0.9887058823529411,0.006884112394507185,2,0.9976470588235294,0.9935294117647059,0.9970588235294118,0.9941176470588236,0.9894117647058823,0.9943529411764706,0.0029435284713404427,0.9826187717265353,0.977725674091442,0.9790209790209791,0.976905311778291,0.9823321554770318,0.979720578418856,0.0023500922547845075,7,0.9854735618826264,0.9834061135371179,0.9868995633187773,0.9845616079230993,0.9853544229642648,0.9851390539251771,0.0011484075056730607
0.04362387657165527,0.004109602466027142,0.05799469947814941,0.0029436631144966886,0.001,,8,30,"{'model__ccp_alpha': 0.001, 'model__class_weight': None, 'model__max_depth': 8, 'model__min_samples_leaf': 30}",0.9909393524851802,0.9982444140446876,0.9868581851345188,0.9910670314637483,0.9941176470588236,0.9922453260373917,0.0037844385331337028,12,0.9957164842681259,0.9937197902416781,0.9941301869585044,0.9954936160510717,0.994716997264022,0.9947554149566805,0.0007659633928979444,0.9780380673499268,0.972181551976574,0.9692532942898975,0.9751098096632503,0.9780380673499268,0.9745241581259151,0.0034149059413442614,7,0.9784040995607614,0.9791361639824304,0.9802342606149341,0.9784040995607614,0.9776720351390923,0.9787701317715959,0.0008661903049926114,0.9789719626168224,0.9742990654205608,0.9809523809523809,0.9657534246575342,0.9767441860465116,0.975344203938762,0.005284838580085506,43,0.9892665474060823,0.9734870317002882,0.9875592417061612,0.9745517640254482,0.9728793998845932,0.9795487969445146,0.007277335945604332,0.9858823529411764,0.9811764705882353,0.9694117647058823,0.9952941176470588,0.9882352941176471,0.984,0.008600313827057447,6,0.9758823529411764,0.9935294117647059,0.9805882352941176,0.9911764705882353,0.991764705882353,0.9865882352941175,0.007023440732517343,0.9824150058616647,0.977725674091442,0.9751479289940829,0.9803012746234068,0.9824561403508771,0.9796092047842947,0.002825143961482322,8,0.9825288717796861,0.9834061135371179,0.9840613931523022,0.9827938174394867,0.9822312845907369,0.9830042960998661,0.000655253809617112
0.04398431777954102,0.004649281555504522,0.056974267959594725,0.0019174916082140717,0.001,,12,5,"{'model__ccp_alpha': 0.001, 'model__class_weight': None, 'model__max_depth': 12, 'model__min_samples_leaf': 5}",0.9864204286365708,0.994610123119015,0.9824806201550389,0.9901960784313726,0.99406292749658,0.9895540355677156,0.004607798710676653,41,0.9965415526675786,0.9941341769265846,0.994797366621067,0.9965384176926585,0.9955149908800729,0.9955053009575924,0.0009510408847740952,0.9838945827232797,0.972181551976574,0.9765739385065886,0.9751098096632503,0.986822840409956,0.9789165446559298,0.005525025553181021,1,0.9890190336749634,0.986090775988287,0.9890190336749634,0.9875549048316252,0.9886530014641288,0.9880673499267936,0.0011246187039338855,0.9769585253456221,0.9879807692307693,0.9789227166276346,0.9678899082568807,0.9882629107981221,0.9800029660518058,0.007603075140356885,38,0.9854651162790697,0.9871043376318874,0.9871645274212368,0.9859976662777129,0.983768115942029,0.9858999527103872,0.0012484431031186088,0.9976470588235294,0.9670588235294117,0.9835294117647059,0.9929411764705882,0.9905882352941177,0.9863529411764705,0.010668973222357313,3,0.9970588235294118,0.9905882352941177,0.9952941176470588,0.9941176470588236,0.9982352941176471,0.9950588235294118,0.0026464051480475353,0.9871944121071012,0.9774078478002378,0.9812206572769953,0.9802555168408827,0.9894242068155111,0.9831005281681456,0.0044896193854623515,1,0.9912280701754386,0.9888432178508514,0.9912126537785588,0.9900410076157,0.9909489051094891,0.9904547709060075,0.0009148606592972206
0.042400360107421875,0.0022312462409397656,0.05820770263671875,0.0037655159152181943,0.001,,12,15,"{'model__ccp_alpha': 0.001, 'model__class_weight': None, 'model__max_depth': 12, 'model__min_samples_leaf': 15}",0.9863930688554492,0.9982444140446876,0.9822207022343822,0.9908071135430917,0.9920337437300502,0.9899398084815321,0.005408645295901764,40,0.9964551983584132,0.9937197902416781,0.99468792749658,0.9961918604651163,0.995093764249886,0.9952297081623348,0.0010019403613658808,0.9809663250366032,0.972181551976574,0.9692532942898975,0.9707174231332357,0.9780380673499268,0.9742313323572475,0.004498474815735642,10,0.9864568081991215,0.9791361639824304,0.9846266471449487,0.9842606149341142,0.9816983894582724,0.9832357247437775,0.002550695664741489,0.9813084112149533,0.9742990654205608,0.9764150943396226,0.9633867276887872,0.9834905660377359,0.9757799729403318,0.007017205566447651,42,0.992886781268524,0.9734870317002882,0.9819767441860465,0.9830903790087464,0.9813302217036173,0.9825542315734446,0.0061821491838595,0.9882352941176471,0.9811764705882353,0.9741176470588235,0.9905882352941177,0.9811764705882353,0.9830588235294118,0.0058398464216427625,9,0.9852941176470589,0.9935294117647059,0.9935294117647059,0.991764705882353,0.9894117647058823,0.9907058823529413,0.0030992799699575153,0.984759671746776,0.977725674091442,0.9752650176678446,0.9767981438515081,0.9823321554770318,0.9793761325669206,0.00357748152351956,10,0.9890758783584293,0.9834061135371179,0.987719298245614,0.9874084919472914,0.9853544229642648,0.9865928410105435,0.0019894008178991986
0.042902803421020506,0.0016193885228384692,0.06043553352355957,0.004947121911616668,0.001,,12,30,"{'model__ccp_alpha': 0.001, 'model__class_weight': None, 'model__max_depth': 12, 'model__min_samples_leaf': 30}",0.9909393524851802,0.9982444140446876,0.9868581851345188,0.9910670314637483,0.9941176470588236,0.9922453260373917,0.0037844385331337028,12,0.9957164842681259,0.9937197902416781,0.9941301869585044,0.9954936160510717,0.994716997264022,0.9947554149566805,0.0007659633928979444,0.9780380673499268,0.972181551976574,0.9692532942898975,0.9751098096632503,0.9780380673499268,0.9745241581259151,0.0034149059413442614,7,0.9784040995607614,0.9791361639824304,0.9802342606149341,0.9784040995607614,0.9776720351390923,0.9787701317715959,0.0008661903049926114,0.9789719626168224,0.9742990654205608,0.9809523809523809,0.9657534246575342,0.9767441860465116,0.975344203938762,0.005284838580085506,43,0.9892665474060823,0.9734870317002882,0.9875592417061612,0.9745517640254482,0.9728793998845932,0.9795487969445146,0.007277335945604332,0.9858823529411764,0.9811764705882353,0.9694117647058823,0.9952941176470588,0.9882352941176471,0.984,0.008600313827057447,6,0.9758823529411764,0.9935294117647059,0.9805882352941176,0.9911764705882353,0.991764705882353,0.9865882352941175,0.007023440732517343,0.9824150058616647,0.977725674091442,0.9751479289940829,0.9803012746234068,0.9824561403508771,0.9796092047842947,0.002825143961482322,8,0.9825288717796861,0.9834061135371179,0.9840613931523022,0.9827938174394867,0.9822312845907369,0.9830042960998661,0.000655253809617112
0.04114432334899902,0.0009402635160980873,0.056591463088989255,0.0026044350729033227,0.001,balanced,3,5,"{'model__ccp_alpha': 0.001, 'model__class_weight': 'balanced', 'model__max_depth': 3, 'model__min_samples_leaf': 5}",0.9896762425900593,0.9971910624715001,0.9849293205654355,0.989703602371181,0.9912083903328773,0.9905417236662106,0.003939764570527587,33,0.9935265617875058,0.9917077063383493,0.9922389420884633,0.9935214318285454,0.9931278499772002,0.9928244984040127,0.0007294836648255307,0.9663250366032211,0.95900439238653,0.9633967789165446,0.9692532942898975,0.9502196193265008,0.9616398243045389,0.006638819355053936,37,0.9612005856515373,0.9630307467057101,0.9619326500732065,0.9604685212298683,0.9652269399707174,0.9623718887262079,0.0016597048387634746,0.9902439024390244,1.0,0.9926108374384236,0.9902912621359223,0.9949367088607595,0.993616542174826,0.003631390973879985,1,0.9956467661691543,0.9932140653917335,0.9938118811881188,0.9956413449564134,0.9944547134935305,0.9945537542397901,0.000972880213432315,0.9552941176470588,0.9341176470588235,0.9482352941176471,0.96,0.9247058823529412,0.9444705882352942,0.013193266606001123,37,0.941764705882353,0.9470588235294117,0.9447058823529412,0.9405882352941176,0.9494117647058824,0.9447058823529412,0.003264573394238041,0.9724550898203593,0.9659367396593674,0.9699157641395909,0.974910394265233,0.9585365853658536,0.9683509146500808,0.005735313082295902,37,0.967956469165659,0.9695874736525143,0.9686369119420989,0.9673321234119783,0.9714113752633163,0.9689848706871134,0.001425574503508818
0.0426541805267334,0.002078762644523079,0.06363592147827149,0.009620950608015853,0.001,balanced,3,15,"{'model__ccp_alpha': 0.001, 'model__class_weight': 'balanced', 'model__max_depth': 3, 'model__min_samples_leaf': 15}",0.9896762425900593,0.9971910624715001,0.9849293205654355,0.989703602371181,0.9912083903328773,0.9905417236662106,0.003939764570527587,33,0.9935265617875058,0.9917077063383493,0.9922389420884633,0.9935214318285454,0.9931278499772002,0.9928244984040127,0.0007294836648255307,0.9663250366032211,0.95900439238653,0.9633967789165446,0.9692532942898975,0.9502196193265008,0.9616398243045389,0.006638819355053936,37,0.9612005856515373,0.9630307467057101,0.9619326500732065,0.9604685212298683,0.9652269399707174,0.9623718887262079,0.0016597048387634746,0.9902439024390244,1.0,0.9926108374384236,0.9902912621359223,0.9949367088607595,0.993616542174826,0.003631390973879985,1,0.9956467661691543,0.9932140653917335,0.9938118811881188,0.9956413449564134,0.9944547134935305,0.9945537542397901,0.000972880213432315,0.9552941176470588,0.9341176470588235,0.9482352941176471,0.96,0.9247058823529412,0.9444705882352942,0.013193266606001123,37,0.941764705882353,0.9470588235294117,0.9447058823529412,0.9405882352941176,0.9494117647058824,0.9447058823529412,0.003264573394238041,0.9724550898203593,0.9659367396593674,0.9699157641395909,0.974910394265233,0.9585365853658536,0.9683509146500808,0.005735313082295902,37,0.967956469165659,0.9695874736525143,0.9686369119420989,0.9673321234119783,0.9714113752633163,0.9689848706871134,0.001425574503508818
0.04218249320983887,0.0025019825510680565,0.05940465927124024,0.005215038312509981,0.001,balanced,3,30,"{'model__ccp_alpha': 0.001, 'model__class_weight': 'balanced', 'model__max_depth': 3, 'model__min_samples_leaf': 30}",0.9896762425900593,0.9971910624715001,0.9849293205654355,0.989703602371181,0.9912083903328773,0.9905417236662106,0.003939764570527587,33,0.9935265617875058,0.9917077063383493,0.9922389420884633,0.9935214318285454,0.9931278499772002,0.9928244984040127,0.0007294836648255307,0.9663250366032211,0.95900439238653,0.9633967789165446,0.9692532942898975,0.9502196193265008,0.9616398243045389,0.006638819355053936,37,0.9612005856515373,0.9630307467057101,0.9619326500732065,0.9604685212298683,0.9652269399707174,0.9623718887262079,0.0016597048387634746,0.9902439024390244,1.0,0.9926108374384236,0.9902912621359223,0.9949367088607595,0.993616542174826,0.003631390973879985,1,0.9956467661691543,0.9932140653917335,0.9938118811881188,0.9956413449564134,0.9944547134935305,0.9945537542397901,0.000972880213432315,0.9552941176470588,0.9341176470588235,0.9482352941176471,0.96,0.9247058823529412,0.9444705882352942,0.013193266606001123,37,0.941764705882353,0.9470588235294117,0.9447058823529412,0.9405882352941176,0.9494117647058824,0.9447058823529412,0.003264573394238041,0.9724550898203593,0.9659367396593674,0.9699157641395909,0.974910394265233,0.9585365853658536,0.9683509146500808,0.005735313082295902,37,0.967956469165659,0.9695874736525143,0.9686369119420989,0.9673321234119783,0.9714113752633163,0.9689848706871134,0.001425574503508818
0.04205927848815918,0.0009875869527191498,0.056522560119628903,0.0007600087920084481,0.001,balanced,5,5,"{'model__ccp_alpha': 0.001, 'model__class_weight': 'balanced', 'model__max_depth': 5, 'model__min_samples_leaf': 5}",0.9905973552211582,0.9983082535339717,0.9854628362973096,0.990515275877793,0.9933378932968536,0.9916443228454173,0.004191844875508163,23,0.9951271089831282,0.9932070793433653,0.9935200068399453,0.9950344847241223,0.9942994756041952,0.9942376310989512,0.0007754989164753243,0.9736456808199122,0.9692532942898975,0.9619326500732065,0.9765739385065886,0.9619326500732065,0.9686676427525622,0.005972497234076452,29,0.9725475841874085,0.972913616398243,0.972913616398243,0.968887262079063,0.9725475841874085,0.9719619326500732,0.0015460257746663895,0.9833729216152018,0.9975369458128078,0.9877750611246944,0.9904076738609112,0.9950372208436724,0.9908259646514577,0.005055744789441371,13,0.9933211900425015,0.9909420289855072,0.9927272727272727,0.9950950337216432,0.993920972644377,0.9932012996242603,0.0013745935485124366,0.9741176470588235,0.9529411764705882,0.9505882352941176,0.971764705882353,0.9435294117647058,0.9585882352941176,0.012144459200530793,33,0.9623529411764706,0.9652941176470589,0.9635294117647059,0.9547058823529412,0.961764705882353,0.9615294117647059,0.003618483882171698,0.9787234042553191,0.9747292418772563,0.9688249400479616,0.9809976247030879,0.9685990338164251,0.9743748489400101,0.005040996241699764,29,0.9775918733193905,0.9779499404052443,0.9779104477611941,0.9744821374962473,0.9775784753363229,0.9771025748636799,0.0013193387142677274
0.04412875175476074,0.0022566699983503067,0.05782327651977539,0.002325531015242435,0.001,balanced,5,15,"{'model__ccp_alpha': 0.001, 'model__class_weight': 'balanced', 'model__max_depth': 5, 'model__min_samples_leaf': 15}",0.9905973552211582,0.9983082535339717,0.9854628362973096,0.990515275877793,0.9933378932968536,0.9916443228454173,0.004191844875508163,23,0.9951271089831282,0.9932070793433653,0.9935200068399453,0.9950344847241223,0.9942994756041952,0.9942376310989512,0.0007754989164753243,0.9736456808199122,0.9692532942898975,0.9619326500732065,0.9765739385065886,0.9619326500732065,0.9686676427525622,0.005972497234076452,29,0.9725475841874085,0.972913616398243,0.972913616398243,0.968887262079063,0.9725475841874085,0.9719619326500732,0.0015460257746663895,0.9833729216152018,0.9975369458128078,0.9877750611246944,0.9904076738609112,0.9950372208436724,0.9908259646514577,0.005055744789441371,13,0.9933211900425015,0.9909420289855072,0.9927272727272727,0.9950950337216432,0.993920972644377,0.9932012996242603,0.0013745935485124366,0.9741176470588235,0.9529411764705882,0.9505882352941176,0.971764705882353,0.9435294117647058,0.9585882352941176,0.012144459200530793,33,0.9623529411764706,0.9652941176470589,0.9635294117647059,0.9547058823529412,0.961764705882353,0.9615294117647059,0.003618483882171698,0.9787234042553191,0.9747292418772563,0.9688249400479616,0.9809976247030879,0.9685990338164251,0.9743748489400101,0.005040996241699764,29,0.9775918733193905,0.9779499404052443,0.9779104477611941,0.9744821374962473,0.9775784753363229,0.9771025748636799,0.0013193387142677274
0.050737190246582034,0.009489418789035696,0.06694998741149902,0.01412992198629286,0.001,balanced,5,30,"{'model__ccp_alpha': 0.001, 'model__class_weight': 'balanced', 'model__max_depth': 5, 'model__min_samples_leaf': 30}",0.9905973552211582,0.9983082535339717,0.986516187870497,0.9908162334701323,0.993451892384861,0.991937984496124,0.003881333162123809,21,0.9951271089831282,0.9932070793433653,0.9935448016415869,0.9950649794801641,0.994375,0.9942637938896489,0.0007788675863275493,0.9736456808199122,0.9692532942898975,0.9663250366032211,0.9809663250366032,0.9648609077598829,0.9710102489019035,0.005812425546494636,23,0.9725475841874085,0.972913616398243,0.9732796486090776,0.9699853587115667,0.9740117130307467,0.9725475841874085,0.001369567125466291,0.9833729216152018,0.9975369458128078,0.9878640776699029,0.9904761904761905,0.9926289926289926,0.9903758256406192,0.004726902143176774,19,0.9933211900425015,0.9909420289855072,0.9915407854984895,0.9926918392204629,0.9921450151057402,0.9921281717705404,0.0008358534115927373,0.9741176470588235,0.9529411764705882,0.9576470588235294,0.9788235294117648,0.9505882352941176,0.9628235294117647,0.011469230688897858,31,0.9623529411764706,0.9652941176470589,0.9652941176470589,0.9588235294117647,0.9658823529411765,0.963529411764706,0.0026568446566202883,0.9787234042553191,0.9747292418772563,0.972520908004779,0.9846153846153847,0.9711538461538461,0.9763485569813171,0.004862888799491406,23,0.9775918733193905,0.9779499404052443,0.9782414307004471,0.9754637941352483,0.9788375558867363,0.9776169188894134,0.0011512989619500715
0.06280040740966797,0.003103217667332486,0.08304109573364257,0.00501338764660801,0.001,balanced,8,5,"{'model__ccp_alpha': 0.001, 'model__class_weight': 'balanced', 'model__max_depth': 8, 'model__min_samples_leaf': 5}",0.9792612859097127,0.9980528955768353,0.9831600547195622,0.9911719106247151,0.9868217054263566,0.9876935704514365,0.006508929305507399,46,0.9967347811217511,0.9937719448244414,0.9945759233926129,0.9958943228454172,0.995063269493844,0.9952080483356133,0.001028087725290221,0.9765739385065886,0.9663250366032211,0.972181551976574,0.9751098096632503,0.9619326500732065,0.9704245973645682,0.005509483959656426,25,0.9835285505124451,0.972913616398243,0.9849926793557833,0.9813323572474377,0.9769399707174231,0.9799414348462665,0.004443335550656964,0.983451536643026,0.9975247524752475,0.9699074074074074,0.9678899082568807,0.9901719901719902,0.9817891189909103,0.011445605724683599,25,0.9958058717795086,0.9927272727272727,0.9808695652173913,0.9796393251890634,0.9939649969824985,0.988601406379147,0.006896310114782172,0.9788235294117648,0.9482352941176471,0.9858823529411764,0.9929411764705882,0.9482352941176471,0.9708235294117648,0.018975854262264415,21,0.9776470588235294,0.9635294117647059,0.9952941176470588,0.9905882352941177,0.9688235294117648,0.9791764705882354,0.012201310270554502,0.9811320754716981,0.9722557297949337,0.9778296382730455,0.9802555168408827,0.96875,0.9760445920761119,0.004782620945521867,25,0.9866429207479964,0.9779104477611941,0.988029197080292,0.9850833577069319,0.9812332439678284,0.9837798334528486,0.003711828174403383
0.06371893882751464,0.0005802797812291963,0.08374514579772949,0.003409041135891387,0.001,balanced,8,15,"{'model__ccp_alpha': 0.001, 'model__class_weight': 'balanced', 'model__max_depth': 8, 'model__min_samples_leaf': 15}",0.987437300501596,0.9979343365253077,0.9831600547195622,0.9907295941632467,0.993999088007296,0.9906520747834018,0.00511282663842097,32,0.9959821021431828,0.9939549133606931,0.9945759233926129,0.9958028385772913,0.9949504103967168,0.9950532375740995,0.0007575499172590699,0.9824304538799414,0.972181551976574,0.972181551976574,0.9751098096632503,0.9619326500732065,0.9727672035139092,0.006586952784305685,18,0.9831625183016105,0.9809663250366032,0.9849926793557833,0.9740117130307467,0.9765739385065886,0.9799414348462665,0.004085155615901498,0.976905311778291,0.9833333333333333,0.9699074074074074,0.9880382775119617,0.9877750611246944,0.9811918782311375,0.006935578473400682,28,0.984759671746776,0.9887307236061684,0.9808695652173913,0.994535519125683,0.9921780986762936,0.9882147156744626,0.004935904963692163,0.9952941176470588,0.971764705882353,0.9858823529411764,0.971764705882353,0.9505882352941176,0.9750588235294118,0.015146801825346886,19,0.9882352941176471,0.9805882352941176,0.9952941176470588,0.9635294117647059,0.97,0.9795294117647059,0.011595250190902287,0.986013986013986,0.9775147928994082,0.9778296382730455,0.9798339264531435,0.9688249400479616,0.978003456737509,0.0055142247414247956,19,0.9864944216089254,0.9846426461901949,0.988029197080292,0.978786973409023,0.9809637120761452,0.9837833900729163,0.003435975951397315
0.0671168327331543,0.006082880895710504,0.09109983444213868,0.006571203224556552,0.001,balanced,8,30,"{'model__ccp_alpha': 0.001, 'model__class_weight': 'balanced', 'model__max_depth': 8, 'model__min_samples_leaf': 30}",0.9909393524851802,0.9982444140446876,0.9867806657546739,0.9908253533971728,0.9941176470588236,0.9921814865481077,0.003822529705526838,14,0.9957164842681259,0.9937197902416781,0.9940757523939809,0.9955101459188327,0.994716997264022,0.994747834017328,0.000778321445418822,0.9780380673499268,0.9692532942898975,0.9677891654465594,0.9707174231332357,0.9648609077598829,0.9701317715959004,0.0044021365676055425,26,0.9784040995607614,0.972913616398243,0.9798682284040996,0.9787701317715959,0.9740117130307467,0.9767935578330894,0.0027837706210587943,0.9789719626168224,0.9975369458128078,0.9809069212410502,0.9633867276887872,0.9926289926289926,0.982686309997692,0.011906593132640385,22,0.9892665474060823,0.9909420289855072,0.9881305637982196,0.9778812572759022,0.9921450151057402,0.9876730825142903,0.005085517734111356,0.9858823529411764,0.9529411764705882,0.9670588235294117,0.9905882352941177,0.9505882352941176,0.9694117647058823,0.016436940420303994,23,0.9758823529411764,0.9652941176470589,0.9794117647058823,0.9882352941176471,0.9658823529411765,0.9749411764705883,0.008634043826780588,0.9824150058616647,0.9747292418772563,0.9739336492890995,0.9767981438515081,0.9711538461538461,0.975805977406675,0.0037675177118851122,26,0.9825288717796861,0.9779499404052443,0.983751846381093,0.9830310122878877,0.9788375558867363,0.9812198453481293,0.002356798104483517
0.057484912872314456,0.01711423179722631,0.06432032585144043,0.012597013980765355,0.001,balanced,12,5,"{'model__ccp_alpha': 0.001, 'model__class_weight': 'balanced', 'model__max_depth': 12, 'model__min_samples_leaf': 5}",0.9794664842681259,0.9984131326949384,0.9834838121295029,0.9761741906064751,0.984892840857273,0.984486092111263,0.007608109340009998,48,0.9969721842225262,0.994202861377109,0.9948033515731874,0.9963537391700866,0.9956976744186047,0.9956059621523028,0.0010046909853620408,0.9809663250366032,0.9751098096632503,0.9707174231332357,0.9795021961932651,0.9780380673499268,0.9768667642752563,0.0036338722243018677,4,0.9904831625183016,0.9838945827232797,0.9882869692532943,0.9842606149341142,0.9901171303074671,0.9874084919472914,0.002822011020116591,0.9835680751173709,0.9834123222748815,0.9856115107913669,0.9812646370023419,0.9880952380952381,0.98439035665624,0.0023073875025153238,21,0.9958530805687204,0.990521327014218,0.9900117508813161,0.9916913946587537,0.9923484402589758,0.9920851986763968,0.0020574835126581756,0.9858823529411764,0.9764705882352941,0.9670588235294117,0.9858823529411764,0.9764705882352941,0.9783529411764705,0.007043119786868587,13,0.9888235294117647,0.9835294117647059,0.9911764705882353,0.9829411764705882,0.991764705882353,0.9876470588235294,0.0037388820193107767,0.9847238542890717,0.9799291617473436,0.9762470308788599,0.9835680751173709,0.9822485207100592,0.9813433285485411,0.0030056261280069804,4,0.9923258559622196,0.987012987012987,0.9905937683715461,0.9872968980797636,0.9920564872021183,0.9898571993257269,0.0022855350735187857
0.045750999450683595,0.00430878674755299,0.057219934463500974,0.002073681873120364,0.001,balanced,12,15,"{'model__ccp_alpha': 0.001, 'model__class_weight': 'balanced', 'model__max_depth': 12, 'model__min_samples_leaf': 15}",0.9874646602827177,0.9979343365253077,0.9831190150478796,0.9907615139078887,0.9940538075695394,0.9906666666666666,0.005128754907591314,31,0.996030266757866,0.9939549133606931,0.9946537277701779,0.9961368559051528,0.9951915184678523,0.9951934564523484,0.0008265051495303038,0.9809663250366032,0.972181551976574,0.9677891654465594,0.9765739385065886,0.9765739385065886,0.9748169838945827,0.004479372925557323,6,0.9831625183016105,0.9809663250366032,0.986090775988287,0.9824304538799414,0.9853587115666179,0.983601756954612,0.001886398056621565,0.9813084112149533,0.9833333333333333,0.9763593380614657,0.983451536643026,0.9811764705882353,0.9811258179682026,0.0025704991003582213,30,0.9922619047619048,0.9887307236061684,0.9859649122807017,0.9922526817640047,0.9825581395348837,0.9883536723895325,0.003739334109851717,0.9882352941176471,0.971764705882353,0.971764705882353,0.9788235294117648,0.9811764705882353,0.9783529411764705,0.006207485156834317,13,0.9805882352941176,0.9805882352941176,0.991764705882353,0.9794117647058823,0.9941176470588236,0.9852941176470589,0.006302633052225375,0.984759671746776,0.9775147928994082,0.9740566037735849,0.9811320754716981,0.9811764705882353,0.9797279228959406,0.0036455517096837574,6,0.9863905325443787,0.9846426461901949,0.9888563049853373,0.9857904085257548,0.9883040935672515,0.9867967971625834,0.0015704617387058213
0.04682002067565918,0.005136374341863932,0.05814995765686035,0.0028098763822109506,0.001,balanced,12,30,"{'model__ccp_alpha': 0.001, 'model__class_weight': 'balanced', 'model__max_depth': 12, 'model__min_samples_leaf': 30}",0.9909393524851802,0.9982444140446876,0.9867806657546739,0.9908253533971728,0.9941176470588236,0.9921814865481077,0.003822529705526838,14,0.9957164842681259,0.9937197902416781,0.9940757523939809,0.9955101459188327,0.994716997264022,0.994747834017328,0.000778321445418822,0.9780380673499268,0.9692532942898975,0.9677891654465594,0.9707174231332357,0.9648609077598829,0.9701317715959004,0.0044021365676055425,26,0.9784040995607614,0.972913616398243,0.9798682284040996,0.9787701317715959,0.9740117130307467,0.9767935578330894,0.0027837706210587943,0.9789719626168224,0.9975369458128078,0.9809069212410502,0.9633867276887872,0.9926289926289926,0.982686309997692,0.011906593132640385,22,0.9892665474060823,0.9909420289855072,0.9881305637982196,0.9778812572759022,0.9921450151057402,0.9876730825142903,0.005085517734111356,0.9858823529411764,0.9529411764705882,0.9670588235294117,0.9905882352941177,0.9505882352941176,0.9694117647058823,0.016436940420303994,23,0.9758823529411764,0.9652941176470589,0.9794117647058823,0.9882352941176471,0.9658823529411765,0.9749411764705883,0.008634043826780588,0.9824150058616647,0.9747292418772563,0.9739336492890995,0.9767981438515081,0.9711538461538461,0.975805977406675,0.0037675177118851122,26,0.9825288717796861,0.9779499404052443,0.983751846381093,0.9830310122878877,0.9788375558867363,0.9812198453481293,0.002356798104483517
