mean_fit_time,std_fit_time,mean_score_time,std_score_time,param_model__C,param_model__class_weight,params,split0_test_roc_auc,split1_test_roc_auc,split2_test_roc_auc,split3_test_roc_auc,split4_test_roc_auc,mean_test_roc_auc,std_test_roc_auc,rank_test_roc_auc,split0_train_roc_auc,split1_train_roc_auc,split2_train_roc_auc,split3_train_roc_auc,split4_train_roc_auc,mean_train_roc_auc,std_train_roc_auc,split0_test_accuracy,split1_test_accuracy,split2_test_accuracy,split3_test_accuracy,split4_test_accuracy,mean_test_accuracy,std_test_accuracy,rank_test_accuracy,split0_train_accuracy,split1_train_accuracy,split2_train_accuracy,split3_train_accuracy,split4_train_accuracy,mean_train_accuracy,std_train_accuracy,split0_test_precision,split1_test_precision,split2_test_precision,split3_test_precision,split4_test_precision,mean_test_precision,std_test_precision,rank_test_precision,split0_train_precision,split1_train_precision,split2_train_precision,split3_train_precision,split4_train_precision,mean_train_precision,std_train_precision,split0_test_recall,split1_test_recall,split2_test_recall,split3_test_recall,split4_test_recall,mean_test_recall,std_test_recall,rank_test_recall,split0_train_recall,split1_train_recall,split2_train_recall,split3_train_recall,split4_train_recall,mean_train_recall,std_train_recall,split0_test_f1,split1_test_f1,split2_test_f1,split3_test_f1,split4_test_f1,mean_test_f1,std_test_f1,rank_test_f1,split0_train_f1,split1_train_f1,split2_train_f1,split3_train_f1,split4_train_f1,mean_train_f1,std_train_f1
0.04468512535095215,0.0035117108834212232,0.059296703338623045,0.002175007384844452,0.01,,"{'model__C': 0.01, 'model__class_weight': None}",0.96828089375285,0.9705335157318742,0.9677701778385772,0.9684815321477428,0.9497583219334246,0.9649648882808938,0.007661352330320456,9,0.9655973552211583,0.9647543319653442,0.9658145234838121,0.9649794801641587,0.969767441860465,0.9661826265389877,0.0018339318336386252,0.9165446559297218,0.9326500732064422,0.9048316251830161,0.9224011713030746,0.890190336749634,0.9133235724743777,0.014652996782660976,10,0.91398243045388,0.9103221083455344,0.9125183016105417,0.9106881405563689,0.9220351390922401,0.9139092240117129,0.0042711426488476825,0.923963133640553,0.9566265060240964,0.9,0.9246575342465754,0.9032258064516129,0.9216945960725674,0.020228273712786363,10,0.9231658001155402,0.9173838209982789,0.9215233698788229,0.9212962962962963,0.9320162696106915,0.9230771113799261,0.004856241055602092,0.9435294117647058,0.9341176470588235,0.9529411764705882,0.9529411764705882,0.9223529411764706,0.9411764705882352,0.011717552562812901,1,0.94,0.9405882352941176,0.9394117647058824,0.9364705882352942,0.9435294117647058,0.9400000000000001,0.0022629863601965963,0.9336437718277066,0.9452380952380952,0.9257142857142857,0.9385863267670915,0.9126891734575088,0.9311743306009376,0.011227986709026897,6,0.9315068493150684,0.9288411269241941,0.9303815904456744,0.9288214702450408,0.9377375036539024,0.9314577081167761,0.003298257823193448
0.04276580810546875,0.00036354811711762153,0.05940532684326172,0.005219888240435156,0.01,balanced,"{'model__C': 0.01, 'model__class_weight': 'balanced'}",0.9681349749202005,0.9695212038303694,0.9681714546283628,0.9682626538987688,0.9496671226630187,0.964751481988144,0.007559903546590791,10,0.9653522571819425,0.9645098039215687,0.9655449156406748,0.9646648426812585,0.9694505243958049,0.96590446876425,0.0018160665996286404,0.9297218155197657,0.91800878477306,0.931185944363104,0.931185944363104,0.8887262079062958,0.9197657393850658,0.016288063232999573,1,0.9191068814055637,0.921303074670571,0.9150805270863837,0.9187408491947291,0.9282576866764275,0.9204978038067348,0.00436423383917681,0.9796437659033079,0.984251968503937,0.9748743718592965,0.9772727272727273,0.958005249343832,0.9748096165766201,0.008955276380708036,1,0.9749518304431599,0.976878612716763,0.969309462915601,0.9725063938618926,0.9808184143222506,0.9748929428519334,0.0038968815477847503,0.9058823529411765,0.8823529411764706,0.9129411764705883,0.9105882352941177,0.8588235294117647,0.8941176470588236,0.020727261689924965,10,0.8929411764705882,0.8947058823529411,0.8917647058823529,0.8947058823529411,0.9023529411764706,0.8952941176470588,0.0037016782876593646,0.941320293398533,0.9305210918114144,0.9428918590522479,0.9427527405602923,0.9057071960297767,0.9326386361704528,0.01423082092826364,2,0.9321461467608229,0.933988332821615,0.928921568627451,0.9319852941176471,0.9399509803921569,0.9333984645439386,0.0036576319130518426
0.044134664535522464,0.0015469667201320429,0.06075572967529297,0.005460960786406916,0.1,,"{'model__C': 0.1, 'model__class_weight': None}",0.9687095303237574,0.9721021431828545,0.9678066575467396,0.9705791153670771,0.9506976744186045,0.9659790241678067,0.007784201735656134,7,0.9671768125854993,0.9663109895120838,0.9674207706338349,0.9663372093023255,0.9711496808025536,0.9676790925672595,0.0017908855221156973,0.9267935578330894,0.9282576866764275,0.9033674963396779,0.9238653001464129,0.890190336749634,0.9144948755490482,0.015119567371508727,6,0.9125183016105417,0.9158125915080527,0.9187408491947291,0.9143484626647145,0.9253294289897511,0.9173499267935579,0.004479372925557364,0.9370629370629371,0.9585365853658536,0.908883826879271,0.930715935334873,0.9107981220657277,0.9291994813417326,0.018309205775005624,8,0.9264448336252189,0.929322429906542,0.9321637426900585,0.9301643192488263,0.9394829612220916,0.9315156573385476,0.004387426583510407,0.9458823529411765,0.9247058823529412,0.9388235294117647,0.9482352941176471,0.9129411764705883,0.9341176470588236,0.013393175972477847,2,0.9335294117647058,0.9358823529411765,0.9376470588235294,0.9323529411764706,0.9405882352941176,0.9359999999999999,0.0029388225874815905,0.9414519906323185,0.9413173652694611,0.9236111111111112,0.9393939393939394,0.9118683901292597,0.9315285593072179,0.011877437883508415,3,0.9299736302373278,0.932590855803048,0.9348973607038124,0.9312573443008225,0.9400352733686067,0.9337508928827235,0.0035394635244614643
0.04712133407592774,0.00207942961911691,0.05998430252075195,0.00530871665297859,0.1,balanced,"{'model__C': 0.1, 'model__class_weight': 'balanced'}",0.9687277701778385,0.9709621523027816,0.9683629730962153,0.970515275877793,0.9506794345645235,0.9658495212038304,0.007650379724528128,8,0.966936844505244,0.9661177610579116,0.9671597127222982,0.9660904012767898,0.9709062927496579,0.9674422024623803,0.001784187216395106,0.9326500732064422,0.9224011713030746,0.9282576866764275,0.9209370424597365,0.890190336749634,0.9188872620790629,0.014948461514612259,2,0.9176427525622255,0.9216691068814056,0.91800878477306,0.9194729136163983,0.9264275256222547,0.9206442166910689,0.0032194192426494733,0.9656019656019657,0.9744897959183674,0.9630541871921182,0.9580246913580247,0.9419191919191919,0.9606179663979335,0.010766357940429462,2,0.9600748596381784,0.964375,0.9583850931677018,0.9636591478696742,0.9681449094316052,0.9629278020214318,0.003424118643976003,0.9247058823529412,0.8988235294117647,0.92,0.9129411764705883,0.8776470588235294,0.9068235294117647,0.01700641035255778,9,0.9052941176470588,0.9076470588235294,0.9076470588235294,0.9047058823529411,0.9117647058823529,0.9074117647058824,0.002484554362581518,0.9447115384615384,0.9351285189718482,0.941034897713598,0.9349397590361446,0.9086479902557856,0.932892540887783,0.012672613099232703,1,0.9318801089918256,0.9351515151515152,0.9323262839879154,0.933252427184466,0.9391093607997576,0.9343439392230959,0.002634168266095462
0.0466865062713623,0.0021699260417248154,0.06097292900085449,0.0054437685934191895,1.0,,"{'model__C': 1.0, 'model__class_weight': None}",0.968764249886001,0.972421340629275,0.9674965800273597,0.9714455084359325,0.9514272685818512,0.966310989512084,0.007650476265121111,1,0.9677257181942545,0.9667493160054719,0.9680392156862745,0.9667487460100319,0.9715543775649795,0.9681634746922025,0.0017723766744159835,0.9238653001464129,0.9297218155197657,0.8945827232796486,0.9253294289897511,0.8945827232796486,0.9136163982430453,0.015660019861927898,7,0.9136163982430454,0.9165446559297218,0.9183748169838946,0.9136163982430454,0.9238653001464129,0.917203513909224,0.0037926307019000237,0.9347319347319347,0.9564164648910412,0.9020501138952164,0.9308755760368663,0.9192399049881235,0.9286627989086365,0.01793891134480853,9,0.929073856975381,0.9314185228604924,0.9321240491515506,0.929073856975381,0.9383078730904818,0.9319996318106574,0.003384298807866419,0.9435294117647058,0.9294117647058824,0.9317647058823529,0.9505882352941176,0.9105882352941177,0.9331764705882353,0.013687566656234308,3,0.9323529411764706,0.9347058823529412,0.9370588235294117,0.9323529411764706,0.9394117647058824,0.9351764705882353,0.0027439773622801402,0.9391100702576113,0.9427207637231504,0.9166666666666666,0.940628637951106,0.9148936170212766,0.9308039511239622,0.012333110328895674,8,0.9307105108631826,0.9330593071051086,0.9345849222645938,0.9307105108631826,0.93885949441505,0.9335849491022236,0.0030206576923502352
0.04832777976989746,0.00451948889392457,0.05969090461730957,0.004697879564746032,1.0,balanced,"{'model__C': 1.0, 'model__class_weight': 'balanced'}",0.9686821705426357,0.9714090287277702,0.967843137254902,0.9714090287277701,0.9516643866849065,0.9662015503875969,0.0074082801464585655,4,0.9675832193342454,0.9666341769265846,0.9678220474236208,0.9666125170998632,0.9714603283173735,0.9680224578203376,0.0017870257415257451,0.9267935578330894,0.91800878477306,0.9267935578330894,0.9238653001464129,0.8887262079062958,0.9168374816983894,0.014417023279755414,3,0.917276720351391,0.9198389458272328,0.9165446559297218,0.917276720351391,0.928623718887262,0.9199121522693996,0.004497283324570303,0.9606879606879607,0.9694656488549618,0.9606879606879607,0.9559902200488998,0.9373433583959899,0.9568350297351547,0.0106757823900998,3,0.9566294919454771,0.9596523898199876,0.9548825710754018,0.9566294919454771,0.9636475662353666,0.958288302204342,0.0030881953775580826,0.92,0.8964705882352941,0.92,0.92,0.88,0.9072941176470588,0.01640997249332961,8,0.908235294117647,0.9094117647058824,0.9088235294117647,0.908235294117647,0.92,0.9109411764705883,0.004550371671956191,0.9399038461538461,0.9315403422982885,0.9399038461538461,0.9376498800959233,0.9077669902912622,0.9313529809986333,0.012183756316928893,5,0.931804465902233,0.933856840833585,0.9312839059674503,0.931804465902233,0.9413180860668071,0.9340135529344616,0.003757442389725491
0.048166418075561525,0.012044772291793638,0.06346077919006347,0.012343758297182449,10.0,,"{'model__C': 10.0, 'model__class_weight': None}",0.9686274509803922,0.972375740994072,0.9672503419972641,0.9715731874145006,0.9516005471956224,0.9662854537163703,0.007577785519393841,2,0.9677314181486548,0.966782375740994,0.9680859553123575,0.966766985864113,0.9715891472868217,0.9681911764705882,0.0017766087500616415,0.9253294289897511,0.9297218155197657,0.8945827232796486,0.9253294289897511,0.8931185944363104,0.9136163982430453,0.016224767411063053,7,0.9121522693997072,0.917276720351391,0.91800878477306,0.9136163982430454,0.9224011713030746,0.9166910688140557,0.003598303287685056,0.9369158878504673,0.9564164648910412,0.9038901601830663,0.9308755760368663,0.919047619047619,0.9294291416018121,0.017586783348493774,6,0.927400468384075,0.9325117370892019,0.9320843091334895,0.929073856975381,0.9366197183098591,0.9315380179784013,0.0031705408777027394,0.9435294117647058,0.9294117647058824,0.9294117647058824,0.9505882352941176,0.908235294117647,0.9322352941176473,0.014535007257863997,4,0.9317647058823529,0.9347058823529412,0.9364705882352942,0.9323529411764706,0.9388235294117647,0.9348235294117646,0.0026148365612815227,0.94021101992966,0.9427207637231504,0.9164733178654292,0.940628637951106,0.9136094674556213,0.9307286413849933,0.012868696885996282,9,0.9295774647887324,0.9336075205640423,0.9342723004694836,0.9307105108631826,0.9377203290246768,0.9331776251420235,0.0028659061445262426
0.06689152717590333,0.005945986939112213,0.08323140144348144,0.005358984181725804,10.0,balanced,"{'model__C': 10.0, 'model__class_weight': 'balanced'}",0.9686000911992704,0.9713816689466483,0.9674509803921568,0.9716461468308253,0.9517647058823531,0.9661687186502508,0.0073784608385584795,6,0.96765617875057,0.9666660966712266,0.9679029867761058,0.9666569767441862,0.9714797081623346,0.9680723894208846,0.0017772339140967243,0.9267935578330894,0.9165446559297218,0.9267935578330894,0.9238653001464129,0.8887262079062958,0.9165446559297218,0.014405123134698515,5,0.9161786237188873,0.9183748169838946,0.9161786237188873,0.9158125915080527,0.928623718887262,0.9190336749633967,0.004880185450219295,0.9606879606879607,0.9670050761421319,0.9606879606879607,0.9537712895377128,0.9373433583959899,0.9558991290903511,0.010178921389626432,5,0.9554179566563468,0.9595519601742377,0.9548546691403834,0.9553903345724907,0.964793082149475,0.9580016005385869,0.0037927546810152374,0.92,0.8964705882352941,0.92,0.9223529411764706,0.88,0.907764705882353,0.0167967701624233,7,0.9076470588235294,0.9070588235294118,0.908235294117647,0.9070588235294118,0.9188235294117647,0.9097647058823529,0.004550371671956165,0.9399038461538461,0.9304029304029304,0.9399038461538461,0.937799043062201,0.9077669902912622,0.9311553312128172,0.012204855857617157,7,0.9309200603318251,0.9325672815240399,0.9309617123907145,0.9305974652987327,0.9412473636637542,0.9332587766418132,0.004052761140805549
0.06419692039489747,0.0021359261685581625,0.08659539222717286,0.0081463613564703,100.0,,"{'model__C': 100.0, 'model__class_weight': None}",0.9685727314181487,0.9724031007751938,0.9672047423620612,0.9715823073415413,0.9515823073415411,0.9662690378476972,0.007586041928145368,3,0.9677336981304149,0.9667800957592341,0.968092225262198,0.9667698358413132,0.9715954172366622,0.9681942544459645,0.001778721088619087,0.9253294289897511,0.9297218155197657,0.8945827232796486,0.9253294289897511,0.8931185944363104,0.9136163982430453,0.016224767411063053,7,0.9125183016105417,0.917276720351391,0.917276720351391,0.9136163982430454,0.9220351390922401,0.9165446559297219,0.0033467436165922305,0.9369158878504673,0.9564164648910412,0.9038901601830663,0.9308755760368663,0.919047619047619,0.9294291416018121,0.017586783348493774,6,0.9279437609841827,0.9325117370892019,0.9320046893317703,0.929073856975381,0.9365825014679976,0.9316233091697068,0.0030188449641651537,0.9435294117647058,0.9294117647058824,0.9294117647058824,0.9505882352941176,0.908235294117647,0.9322352941176473,0.014535007257863997,4,0.9317647058823529,0.9347058823529412,0.9352941176470588,0.9323529411764706,0.9382352941176471,0.9344705882352942,0.002311397965222173,0.94021101992966,0.9427207637231504,0.9164733178654292,0.940628637951106,0.9136094674556213,0.9307286413849933,0.012868696885996282,9,0.9298503081890226,0.9336075205640423,0.9336465061655901,0.9307105108631826,0.9374081692624155,0.9330446030088504,0.0026597511001496365
0.06543478965759278,0.0015987108041854907,0.08560652732849121,0.004365796766621164,100.0,balanced,"{'model__C': 100.0, 'model__class_weight': 'balanced'}",0.9685818513451893,0.9713725490196079,0.9674783401732786,0.971655266757866,0.9517829457364342,0.9661741906064751,0.007371169394384483,5,0.9676516187870496,0.9666729366165071,0.9678978568171456,0.9666643866849065,0.9714637482900137,0.9680701094391244,0.0017691658147219594,0.9267935578330894,0.9165446559297218,0.9282576866764275,0.9238653001464129,0.8887262079062958,0.9168374816983894,0.01462370833286533,3,0.9161786237188873,0.9187408491947291,0.9161786237188873,0.9158125915080527,0.9282576866764275,0.9190336749633967,0.0047296120952307645,0.9584352078239609,0.9670050761421319,0.9630541871921182,0.9537712895377128,0.9373433583959899,0.9559218238183828,0.010293788065331178,4,0.9554179566563468,0.9595771144278606,0.9548546691403834,0.9553903345724907,0.9647713226205191,0.9580022794835201,0.003787043217550927,0.9223529411764706,0.8964705882352941,0.92,0.9223529411764706,0.88,0.908235294117647,0.01716196002711574,6,0.9076470588235294,0.9076470588235294,0.908235294117647,0.9070588235294118,0.918235294117647,0.9097647058823529,0.004251602588139446,0.9400479616306955,0.9304029304029304,0.941034897713598,0.937799043062201,0.9077669902912622,0.9314103646201375,0.012394184160139982,4,0.9309200603318251,0.9328899637243047,0.9309617123907145,0.9305974652987327,0.9409282700421941,0.9332594943575542,0.0039188219053209895
